Time_s,Power_kW
0,0
1,25.2044662228346
2,50.4195082765306
3,42.7439655078822
4,8.62194667502478
5,6.3759621286126
6,3.19829212290909
7,-0.484606395486898
8,-1.42828070085378
9,-1.38749958181368
10,-0.373241869699327
11,2.82326165602902
12,5.97894503732948
13,7.03933742401961
14,6.73866806048494
15,6.77106094949763
16,6.80345708721046
17,6.83585648905672
18,6.86825917046962
19,6.90066514688242
20,6.9330744337284
21,6.9654870464408
22,6.99790300045289
23,7.03032231119792
24,7.06274499410909
25,7.09517106461973
26,7.1276005381631
27,7.16003343017236
28,7.19246975608084
29,7.22490953132182
30,7.25735277132851
31,7.28979949153413
32,7.322249707372
33,7.35470343427537
34,7.38716068767744
35,7.4196214830115
36,7.45208583571085
37,7.48455376120869
38,7.51702527493824
39,7.54950039233285
40,7.58197912882568
41,7.61446149985006
42,7.64694752083924
43,7.67943720722642
44,7.71193057444485
45,7.74442763792781
46,7.77692841310866
47,7.80943291542052
48,7.84194116029663
49,7.87445316317036
50,7.90696893947486
51,7.93948850464345
52,7.97201187410939
53,8.00453906330585
54,8.03707008766617
55,8.06960496262362
56,8.10214370361134
57,8.13468632606268
58,8.16723284541091
59,8.19978327708918
60,8.23233763653088
61,8.26489593916919
62,8.29745820043734
63,8.33002443576861
64,8.36259466059628
65,8.3951688903536
66,8.4277471404738
67,8.46032942639012
68,8.49291576353589
69,8.52550616734429
70,8.55810065324856
71,8.59069923668205
72,8.62330193307795
73,8.65590875786954
74,8.68851972649006
75,8.72113485437273
76,8.75375415695084
77,8.78637764965767
78,8.81900534792643
79,8.85163726719041
80,8.88427342288286
81,8.91691383043701
82,8.94955850528613
83,8.98220746286345
84,9.01486071860225
85,9.04751828793582
86,9.08018018629739
87,9.11284642912019
88,9.14551703183746
89,9.17819200988245
90,9.21087137868854
91,9.24355515368885
92,9.27624335031665
93,9.30893598400527
94,9.34163307018792
95,9.37433462429779
96,9.40704066176823
97,9.43975119803247
98,9.47246624852375
99,9.50518582867538
100,9.5379099539205
101,9.57063863969243
102,9.60337190142443
103,9.63610975454977
104,9.66885221450175
105,9.7015992967135
106,9.73435101661829
107,9.76710738964946
108,9.79986843124025
109,9.83263415682387
110,9.86540458183358
111,9.89817972170266
112,9.93095959186438
113,9.96374420775197
114,9.99653358479863
115,10.0293277384377
116,10.0621266841024
117,10.094930437226
118,10.1277390132418
119,10.1605524275829
120,10.1933706956827
121,10.2261938329744
122,10.2590218548913
123,10.2918547768665
124,10.3246926143335
125,10.3575353827254
126,10.3903830974755
127,10.423235774017
128,10.4560934277831
129,10.4889560742073
130,10.5218237287227
131,10.5546964067625
132,10.58757412376
133,10.6204568951484
134,10.6533447363612
135,10.6862376628314
136,10.7191356899923
137,10.7520388332772
138,10.7849471081193
139,10.8178605299519
140,10.8507791142083
141,10.8837028763217
142,10.9166318317254
143,10.9495659958526
144,10.9825053841365
145,11.0154500120105
146,11.0483998949077
147,11.0813550482615
148,11.1143154875051
149,11.1472812280717
150,11.1802522853946
151,11.2132286749071
152,11.2462104120423
153,11.2791975122337
154,11.3121899909143
155,11.3451878635176
156,11.3781911454767
157,11.4111998522248
158,11.4442139991953
159,11.4772336018214
160,11.5102586755363
161,11.5432892357733
162,11.5763252979657
163,11.6093668775467
164,11.6424139899496
165,11.6754666506077
166,11.708524874954
167,11.7415886784219
168,11.7746580764448
169,11.8077330844559
170,11.8408137178883
171,11.8738999921754
172,11.9069919227504
173,11.9400895250466
174,11.9731928144971
175,12.0063018065353
176,12.0394165165945
177,12.0725369601078
178,12.1056631525086
179,12.1387951092301
180,12.1719328457055
181,12.2050763773681
182,12.2382257196512
183,12.271380887988
184,12.3045418978117
185,12.3377087645556
186,12.2967683424265
187,12.5481958290891
188,13.3158924724387
189,14.1170956071413
190,14.444067346255
191,14.465108323319
192,14.5616838144344
193,14.6582990247574
194,14.7549542122051
195,14.8516496346943
196,14.9483855501419
197,15.045162216465
198,15.1419798915805
199,15.2388388334052
200,15.3357392998561
201,15.4326815488502
202,15.5296658383043
203,15.6266924261355
204,15.7237615702606
205,15.8208735285966
206,15.9180285590605
207,16.015226919569
208,16.1124688680391
209,16.2097546623879
210,16.3070845605324
211,16.4044588203892
212,16.5018776998754
213,16.5993414569079
214,16.6968503494039
215,16.7944046352799
216,16.8920045724531
217,16.9896504188405
218,17.0873424323587
219,17.1850808709248
220,17.2828659924559
221,17.3806980548689
222,17.4785773160806
223,17.5765040340079
224,17.6744784665677
225,17.7725008716771
226,17.8705715072531
227,17.9686906312125
228,18.066858501472
229,18.1650753759489
230,18.2633415125601
231,18.3616571692225
232,18.4600226038527
233,18.5584380743679
234,18.6569038386854
235,18.7554201547215
236,18.8539872803934
237,18.952605473618
238,19.0512749923124
239,19.1499960943933
240,19.2487690377777
241,19.3475940803827
242,19.446471480125
243,19.5454014949216
244,19.6443843826895
245,19.7434204013457
246,19.842509808807
247,19.9416528629902
248,20.0408498218125
249,20.1401009431908
250,20.2394064850418
251,20.3387667052827
252,20.4381818618303
253,20.5376522126015
254,20.6371780155134
255,20.7367595284828
256,20.8363970094268
257,20.9360907162619
258,21.0358409069056
259,21.1356478392744
260,21.2355117712853
261,21.3354329608555
262,21.4354116659016
263,21.5354481443408
264,21.63554265409
265,21.7356954530659
266,21.8359067991857
267,21.9361769503662
268,22.0365061645244
269,22.1368946995771
270,22.2373428134413
271,22.3378507640341
272,22.4384188092721
273,22.5390472070725
274,22.6397362153521
275,22.7404860920281
276,22.8412970950171
277,22.942169482236
278,23.043103511602
279,23.144099441032
280,23.2451575284428
281,23.3462780317513
282,23.4474612088744
283,23.5487073177295
284,23.6500166162331
285,23.751389362302
286,23.8528258138535
287,23.9543262288043
288,24.0558908650717
289,24.1575199805721
290,24.2592138332226
291,24.3609726809403
292,24.4627967816421
293,24.5646863932449
294,24.6666417736654
295,24.768663180821
296,24.8707508726283
297,24.9729051070043
298,25.0751261418659
299,25.17741423513
300,25.2797696447141
301,25.3821926285342
302,25.4846834445075
303,25.5872423505515
304,25.6898696045824
305,25.7925654645179
306,25.8953301882744
307,25.9981640337686
308,26.101067258918
309,26.2040401216396
310,26.3070828798497
311,26.4101957914654
312,26.5133791144043
313,26.6166331065825
314,26.7199580259172
315,26.8233541303257
316,26.9268216777244
317,27.0303609260308
318,27.1339721331611
319,27.2376555570327
320,27.3414114555626
321,27.4452400866678
322,27.5491417082649
323,27.6531165782707
324,27.7571649546027
325,27.8612870951774
326,27.9654832579119
327,28.0697537007231
328,28.1740986815277
329,28.2785184582435
330,28.3830132887864
331,28.4875834310735
332,28.5922291430223
333,28.6969506825493
334,28.8017483075717
335,28.9066222760059
336,29.2546642780537
337,28.6376520181291
338,26.3502121820662
339,24.0084701415641
340,23.2667804730449
341,23.5115033914519
342,23.5115033914519
343,23.5115033914519
344,23.5115033914519
345,23.5115033914519
346,23.5115033914519
347,23.5115033914519
348,23.5115033914519
349,23.5115033914519
350,23.5115033914519
351,23.5115033914519
352,23.5115033914519
353,23.5115033914519
354,23.5115033914519
355,23.5115033914519
356,23.5115033914519
357,23.5115033914519
358,23.5115033914519
359,23.5115033914519
360,23.5115033914519
361,21.7145868576932
362,27.0436176701783
363,44.6719411363798
364,63.2833837021058
365,70.6498754033008
366,70.4342316874444
367,72.1079434121405
368,73.7862351976934
369,75.4692091473704
370,77.1569673644384
371,78.8496119521662
372,80.2787461397169
373,82.7797261462856
374,87.2532568863064
375,91.9487312047701
376,94.9011624138942
377,96.6879842359578
378,98.7732692802684
379,104.497194145522
380,95.7763800062703
381,60.7705075069571
382,24.475595961583
383,13.0429848345704
384,14.4839222436815
385,20.8000357474452
386,41.5215859993269
387,62.6551607275035
388,69.9080018381493
389,68.3888891289438
390,70.0246099787301
391,67.7984845126042
392,58.7882959926256
393,49.4789967943516
394,46.6162827652012
395,47.7514803272237
396,47.8934612794217
397,48.035598337693
398,48.1778918982459
399,48.3203423572868
400,48.4629501110259
401,48.6057155556713
402,48.7486390874305
403,48.8917211025122
404,49.034961997125
405,49.178362167477
406,49.3219220097754
407,49.4656419202302
408,49.6095222950491
409,49.7535635304402
410,49.897766022612
411,50.0421301677728
412,50.1866563621312
413,50.3313450018945
414,50.4761964832716
415,50.6212112024716
416,50.7663895557017
417,50.9117319391703
418,51.057238749087
419,51.2029103816584
420,52.0864456457914
421,50.0356808065311
422,42.9582579859678
423,35.7753227903904
424,33.4753640347535
425,34.1488780960899
426,34.0834348359079
427,34.0180561917286
428,33.9527420668219
429,33.8874923644568
430,33.8223069879034
431,33.7571858404313
432,33.6921288253093
433,33.6271358458067
434,33.5622068051937
435,33.4973416067397
436,33.5594257863556
437,33.1169227902875
438,31.8224336255863
439,30.5188423046016
440,30.0508299305195
441,30.08962285186
442,30.0026101459853
443,29.9157305018039
444,29.8289836216379
445,29.7423692078096
446,29.6558869626425
447,30.0861975791387
448,28.4616905811116
449,23.3806363914413
450,18.2914976586389
451,16.6182888702924
452,16.9936984097554
453,16.8608506194612
454,16.728682573062
455,16.5971906377218
456,16.4663711806043
457,16.3362205688752
458,16.2067351696982
459,16.0779113502372
460,15.9497454776574
461,15.8222339191234
462,15.6953730418
463,15.5691592128508
464,15.4435887994396
465,15.3186581687322
466,15.1943636878931
467,15.0707017240864
468,14.9476686444759
469,14.8252608162267
470,14.703474606504
471,14.5823063824709
472,14.4617525112918
473,14.3418093601324
474,14.2224732961571
475,14.1037406865292
476,13.9856078984135
477,13.8680712989756
478,13.7511272553782
479,13.6347721347864
480,13.5190023043654
481,13.4038141312793
482,13.2892039826928
483,13.1751682257695
484,13.0617032276741
485,12.9488053555718
486,12.8364709766261
487,12.7246964580021
488,12.6134781668641
489,12.5028124703766
490,12.3926957357039
491,12.2831243300107
492,12.1740946204612
493,12.0656029742198
494,11.9576457584514
495,11.8502193403207
496,11.7433200869911
497,11.6369443656274
498,11.5310885433946
499,11.4257489874568
500,11.3209220649785
501,11.2166041431242
502,11.1127915890584
503,11.0094807699453
504,10.9066680529498
505,10.8043498052359
506,10.7025223939683
507,10.6011821863112
508,10.5003255494294
509,10.3999488504876
510,10.3000484566498
511,10.2006207350805
512,10.101662052944
513,10.0031687774052
514,9.9051372756283
515,9.80756391477771
516,9.7104450620182
517,9.61377708451413
518,9.51755634942953
519,9.42177922392908
520,9.32644207517765
521,9.23154127033929
522,9.13707317657865
523,9.04303416106021
524,8.94942059094791
525,8.85622883340673
526,8.76345525560112
527,8.67109622469544
528,8.57914810785415
529,8.4876072722418
530,8.39647008502258
531,8.30573291336113
532,8.2153921244221
533,7.61584125189326
534,9.03710132782635
535,20.9854502663792
536,-5.8908968504282
537,-36.408715317121
538,-9.5028826613892
539,79.2380921097633
540,147.62932445237
541,127.260098458147
542,83.4896505351639
543,60.5798842317006
544,69.0172125525061
545,70.7518618350467
546,72.4911637239622
547,74.2352281233393
548,75.9841649372658
549,77.7380840698292
550,79.4970954251173
551,81.2613089072184
552,83.0308344202191
553,84.8057818682068
554,86.5862611552695
555,88.372382185495
556,90.1642548629711
557,91.9619890917849
558,93.7656947760232
559,95.575481819775
560,97.3914601271273
561,99.2137396021681
562,105.651007533073
563,93.7477997795308
564,48.8699912657494
565,2.98898549469141
566,-10.0496124489149
567,-5.85894473360221
568,-5.86944299840611
569,-5.87724152481168
570,-5.88237170512642
571,-5.88486493165674
572,-5.88475259670987
573,-5.88206609259275
574,-5.8768368116121
575,-5.86909614607538
576,-5.85887548828929
577,-5.84620623056102
578,-5.83111976519704
579,-5.81364748450454
580,-7.54890994402775
581,-2.31144901147571
582,15.7653080632688
583,34.0613771166216
584,39.9491608837757
585,38.1771074005101
586,38.3091455052629
587,38.4413119815074
588,38.5736072254512
589,38.7060316333031
590,38.8385856012706
591,38.9712695255623
592,39.1040838023879
593,39.2370288279542
594,39.3701049984696
595,39.5033127101422
596,39.6366523591819
597,39.7701243417958
598,39.9037290541907
599,40.0374668925776
600,40.1713382531643
601,40.3053435321576
602,40.4394831257668
603,40.5737574302006
604,40.7081668416669
605,40.8427117563734
606,40.9773925705289
607,41.1122096803423
608,41.2471634820214
609,41.3822543717742
610,41.8954276079645
611,40.9062102496769
612,37.3325885868885
613,33.6888269420346
614,32.5388408609936
615,32.9189578200581
616,32.9189578200581
617,32.9189578200581
618,32.9189578200581
619,32.9189578200581
620,32.9189578200581
621,32.9189578200581
622,32.9189578200581
623,32.9189578200581
624,32.9189578200581
625,32.9189578200581
626,32.9189578200581
627,32.9189578200581
628,32.9189578200581
629,32.9189578200581
630,32.9189578200581
631,32.9189578200581
632,32.9189578200581
633,32.9189578200581
634,32.9189578200581
635,32.9189578200581
636,32.9189578200581
637,32.9189578200581
638,32.9189578200581
639,32.9189578200581
640,32.7922521670365
641,33.1691989911769
642,34.4037310189337
643,35.6579665914145
644,36.0815206998308
645,35.9941721742876
646,36.0337860979898
647,36.0734154884915
648,36.113060360465
649,36.1527207285853
650,36.1923966075286
651,36.2320880119662
652,36.2717949565744
653,36.311517456028
654,36.3512555250004
655,36.3910091781661
656,36.4307784301987
657,36.4705632957735
658,36.5103637895657
659,36.5501799262487
660,36.5900117204965
661,36.6298591869848
662,36.6697223403866
663,36.709601195376
664,36.7494957666293
665,36.7894060688195
666,36.8293321166213
667,36.8692739247094
668,36.9092315077578
669,36.9492048804403
670,36.7290251165616
671,37.5430777533859
672,40.1248460068728
673,42.7576390000807
674,43.6874374022685
675,43.5626758918558
676,43.7001578987368
677,43.8377841254407
678,43.975554968177
679,44.113470823154
680,44.2515320865785
681,44.3897391546594
682,44.5280924236062
683,44.6665922896267
684,44.8052391489281
685,44.9440333977192
686,45.0829754322088
687,45.2220656486053
688,45.361304443116
689,45.5006922119498
690,45.6402293513157
691,45.7799162574214
692,45.9197533264749
693,46.0597409546844
694,46.1998795382589
695,46.3401694734064
696,46.4806111563352
697,46.6212049832536
698,46.76195135037
699,46.9028506538928
700,51.6791580937056
701,38.0014578225518
702,-6.34806591324379
703,-46.0591951012384
704,-56.8850500268483
705,-51.6228068333333
706,-50.3369368636938
707,-49.0385516641804
708,-47.7280088127893
709,-46.4056658875174
710,-45.0718804663606
711,-43.7270101273145
712,-42.3714124483773
713,-41.0054450075444
714,-39.6294653828126
715,-38.2438311521777
716,-36.8488998936362
717,-35.4450291851852
718,-34.0325766048204
719,-32.6118997305384
720,-31.1833561403356
721,-29.7473034122085
722,-28.3040991241533
723,-26.8541008541666
724,-25.3976661802448
725,-23.9351526803841
726,-22.466917932581
727,-20.993319514832
728,-19.5147150051333
729,-18.0314619814814
730,-18.448693154148
731,-11.4154835183588
732,5.30000006437793
733,23.3153861549375
734,31.6175308520158
735,31.7631825306474
736,33.9324812825432
737,36.1045901491884
738,38.2796876737853
739,40.4579523995361
740,42.6395628696431
741,44.8246976273087
742,47.0135352157352
743,49.2062541781248
744,51.40303305768
745,53.604050397603
746,55.8094847410958
747,58.019514631361
748,60.2343186116013
749,62.4540752250185
750,64.6789630148148
751,66.9091605241927
752,69.1448462963547
753,71.386198874503
754,73.6333968018397
755,75.8866186215674
756,78.146042876888
757,80.411848111004
758,82.6842128671179
759,84.9633156884319
760,88.7934546763032
761,86.4922820626699
762,72.7283782163555
763,57.8986791930142
764,53.4437826640474
765,55.6457334631849
766,56.1966157197172
767,56.748681846668
768,57.301942541663
769,57.8564085023256
770,58.4120904262799
771,58.96899901115
772,59.5271449545606
773,60.0865389541365
774,60.6471917075014
775,61.2091139122793
776,61.7723162660947
777,62.3368094665719
778,62.9026042113348
779,63.4697111980081
780,64.0381411242168
781,64.6079046875839
782,65.1790125857335
783,65.7514755162913
784,66.3253041768812
785,66.9005092651261
786,67.4771014786509
787,68.0550915150808
788,68.6344900720398
789,69.2153078471515
790,72.7226460420786
791,64.5906891862623
792,36.2069604654735
793,7.51209087694707
794,-1.26683242502758
795,1.4205303704857
796,1.33144183210182
797,1.24445915554041
798,1.15956280919844
799,1.07673326147387
800,0.995950980765912
801,0.917196435471861
802,0.840450093989657
803,0.765692424717243
804,0.692903896052549
805,0.622064976393237
806,0.553156134138117
807,0.486157837685115
808,0.421050555430155
809,0.357814755772635
810,0.296430907111327
811,0.236879477843315
812,0.179140936366003
813,0.123195751077873
814,0.0690243903776775
815,0.0166073226620068
816,-0.0307526727630094
817,-0.0749454593509391
818,-0.11760787833243
819,-0.158757556978109
820,-0.198412122559524
821,-0.23658920234707
822,-0.27330642361117
823,-0.30858141362313
824,-0.342431799654027
825,-0.374875208974815
826,-0.405929268855616
827,-0.435611606567609
828,-0.463939849382067
829,-0.490931624569436
830,-0.51660455940068
831,-0.540976281146754
832,-0.564064417078416
833,-0.585886594466149
834,-0.60646044058148
835,-0.625803582695259
836,-0.643933648077701
837,-0.660868264000122
838,-0.676625057733381
839,-0.691221656547986
840,-0.704675687715325
841,-0.717004778505733
842,-0.728226556190415
843,-0.738358648040477
844,-0.747418681326276
845,-0.755424283318682
846,-0.762393081288713
847,-0.768342702507311
848,-0.773290774245181
849,-0.777254923773402
850,-2.84337799882123
851,3.59866510994314
852,25.0585833119684
853,47.5944739609678
854,56.6478306108048
855,56.1877719755335
856,58.0950511748664
857,60.0065626713267
858,61.9224423643635
859,63.8428261534258
860,65.7678499379629
861,67.6976496174236
862,69.632361091257
863,71.5721202589122
864,73.5170630198378
865,75.4673252734836
866,77.4230429192983
867,79.3843518567306
868,81.3513879852303
869,83.3242872042461
870,85.3031854132265
871,87.288218511621
872,89.2795223988789
873,91.2772329744493
874,93.2814861377807
875,95.2924177883221
876,97.3101638255234
877,99.3348601488333
878,101.3666426577
879,103.405647251573
880,108.107036284929
881,102.25164492032
882,77.2354662023158
883,51.0519704504459
884,42.7888764287581
885,45.6392504961506
886,45.7292015255999
887,45.8192234616613
888,45.9093164217308
889,45.9994805232032
890,46.0897158834726
891,46.1800226199359
892,46.270400849986
893,46.3608506910178
894,46.4513722604284
895,46.5419656756125
896,46.6326310539646
897,46.7233685128783
898,46.8141781697504
899,46.9050601419759
900,46.9960145469492
901,47.0870415020664
902,47.1781411247221
903,47.2693135323098
904,47.3605588422262
905,47.451877171867
906,47.5432686386256
907,47.6347333598973
908,47.7262714530783
909,47.817883035563
910,47.9095682247449
911,48.0013271380216
912,48.0931598927877
913,48.1850666064367
914,48.2770473963652
915,48.3691023799673
916,48.4612316746381
917,48.5534353977733
918,48.6457136667676
919,48.7380665990157
920,48.830494311914
921,48.9229969228563
922,49.0155745492372
923,49.1082273084525
924,49.2009553178971
925,49.2937586949677
926,49.3866375570564
927,49.4795920215593
928,49.5726222058729
929,49.6657282273912
930,49.7589102035086
931,49.8521682516211
932,49.9455024891242
933,50.0389130334112
934,50.1324000018777
935,50.2259635119203
936,50.3196036809326
937,50.4133206263101
938,50.5071144654484
939,50.6009853157406
940,51.4889553868509
941,49.2181420514795
942,41.5570076605692
943,33.8045601899905
944,31.3091446028473
945,32.0034178033647
946,31.9050487751495
947,31.8068524937565
948,31.708828562976
949,31.6109765865997
950,31.5132961684207
951,31.4157869122304
952,31.3184484218198
953,31.2212803009808
954,31.1242821535052
955,31.0274535831847
956,30.930794193811
957,30.8343035891757
958,30.7379813730706
959,30.641827149287
960,30.5458405216176
961,30.4500210938531
962,30.3543684697853
963,30.2588822532067
964,30.1635620479081
965,30.0684074576816
966,29.9734180863187
967,29.8785935376113
968,29.7839334153509
969,29.689437323329
970,26.1646398138204
971,36.2724758339983
972,69.485995415908
973,103.869785141898
974,116.444737727672
975,114.859708980624
976,123.525499220945
977,105.439743292439
978,39.6701331165217
979,-24.1557228948245
980,-41.9378146906786
981,-35.6291064977965
982,-35.7459687125239
983,-35.8285344365617
984,-35.4889742967932
985,-34.9062480371352
986,-34.3735538765532
987,-33.8327170106826
988,-33.2838973415916
989,-32.7272547713476
990,-32.1629492020184
991,-31.591140535671
992,-31.0119886743734
993,-30.425653520193
994,-29.8322949751974
995,-29.2320729414545
996,-28.6251473210317
997,-28.0116780159973
998,-27.3918249284172
999,-26.76574796036
1000,-26.1336070138935
1001,-25.4955619910853
1002,-24.8517727940024
1003,-24.2023993247129
1004,-23.5476014852844
1005,-22.8875391777842
1006,-22.2223723042801
1007,-21.5522607668397
1008,-20.8773644675304
1009,-20.1978433084199
1010,-19.5138571915758
1011,-18.8255660190658
1012,-18.1331296929573
1013,-17.4367081153181
1014,-20.2839574808506
1015,-9.15528871092406
1016,25.439519152585
1017,63.7812693068678
1018,81.8600607612262
1019,83.1849155475039
1020,88.6939045917117
1021,94.2170889871162
1022,99.7553392033661
1023,105.309525710111
1024,112.099065342913
1025,114.065594209537
1026,106.184413210432
1027,96.565846797367
1028,95.1183890320554
1029,99.3987049743323
1030,102.26928469106
1031,105.149723184781
1032,107.57532138954
1033,111.859047850922
1034,119.629434484706
1035,127.8704867616
1036,135.991181897903
1037,130.556623741707
1038,104.160385699898
1039,75.8564476977812
1040,67.0999706381294
1041,70.7711750020808
1042,71.3572881012052
1043,71.94487034073
1044,72.5339324182783
1045,73.1244850314748
1046,73.716538877944
1047,74.3101046553096
1048,74.9051930611958
1049,75.5018147932276
1050,76.0999805490288
1051,76.6997010262242
1052,77.3009869224369
1053,77.9038489352918
1054,78.5082977624141
1055,79.1143441014276
1056,79.7219986499555
1057,80.331272105622
1058,80.9421751660525
1059,81.5547185288713
1060,82.1689128917034
1061,82.7847689521704
1062,83.4022974078974
1063,84.0215089565113
1064,84.6424142956341
1065,85.2650241228897
1066,91.1458236555362
1067,76.0978602929777
1068,24.9156782523752
1069,-23.6865133395229
1070,-37.5124879887329
1071,-32.5487830577032
1072,-32.2424161822934
1073,-31.9279544562024
1074,-31.6055205286808
1075,-31.2752370489815
1076,-30.9372266663593
1077,-30.5916120300648
1078,-30.2385157893513
1079,-29.8780605934734
1080,-29.5103690916815
1081,-29.1355639332283
1082,-28.7537677673691
1083,-28.3651032433546
1084,-27.9696930104373
1085,-27.5676597178709
1086,-27.1591260149086
1087,-26.7442145508027
1088,-26.323047974805
1089,-25.8957489361691
1090,-25.4624400841482
1091,-25.0232440679943
1092,-24.5782835369605
1093,-24.1276811402998
1094,-23.6715595272641
1095,-23.2100413471068
1096,-24.1921999533064
1097,-19.4174274044644
1098,-5.70432104854579
1099,8.37329254387242
1100,12.83375849821
1101,11.2257248541038
1102,11.1256116025697
1103,11.0259175418171
1104,10.9266396342314
1105,10.8277748421983
1106,10.7293201281035
1107,10.6312724543326
1108,10.5336287832715
1109,10.4363860773056
1110,10.3395412988204
1111,10.2430914102018
1112,10.1470333738353
1113,10.0513641521065
1114,9.95608070740116
1115,9.86118000210492
1116,9.7666589986034
1117,9.67251465928213
1118,9.57874394652715
1119,9.48534382272371
1120,9.39231125025727
1121,9.29964319151393
1122,9.20733660887926
1123,9.1153884647387
1124,9.0237957214779
1125,8.93255534148268
1126,8.8416642871387
1127,8.75111952083139
1128,8.66091800494641
1129,8.57105670186959
1130,8.48153257398647
1131,8.39234258368269
1132,8.30348369334391
1133,8.21495286535576
1134,8.12674706210396
1135,8.03886324597399
1136,7.95129837935142
1137,7.86404942462237
1138,7.77711334417201
1139,7.69048710038596
1140,7.60416765565029
1141,7.51815197235038
1142,7.43243701287181
1143,7.34701973960013
1144,7.26189711492131
1145,7.17706610122097
1146,7.09252366088454
1147,7.00826675629751
1148,6.92429234984582
1149,6.84059740391526
1150,6.7571788808911
1151,6.67403374315899
1152,6.59115895310493
1153,6.50855147311435
1154,6.42620826557281
1155,6.34412629286597
1156,6.26230251737966
1157,6.18073390149934
1158,6.09941740761064
1159,6.01834999809927
1160,5.93752863535094
1161,5.85695028175141
1162,5.77661189968589
1163,5.69651045154027
1164,5.61664289970031
1165,5.53700620655142
1166,5.45759733447938
1167,-0.503337949413379
1168,16.9120767726594
1169,77.6531965850521
1170,153.040188160448
1171,163.171847400715
1172,90.4224041427899
1173,38.3341735889275
1174,28.2470990049498
1175,30.6390716371403
1176,38.2696454212897
1177,63.5523515417654
1178,91.4980582718956
1179,104.461448570451
1180,106.316460669159
1181,110.950899741762
1182,115.600798275501
1183,120.26678543449
1184,124.949490382847
1185,129.649542284686
1186,134.367570304124
1187,139.104203605277
1188,143.860071352261
1189,148.635802709191
1190,153.432026840184
1191,158.249372909355
1192,163.088470080821
1193,167.949947518697
1194,172.834434387101
1195,177.742559850147
1196,182.67495307195
1197,187.632243216628
1198,192.615059448297
1199,197.624030931071
1200,202.659786829069
1201,207.722956306404
1202,212.814168527193
1203,217.934052655552
1204,223.083237855599
1205,234.621770352617
1206,220.868231661495
1207,160.898821270943
1208,97.9281623392746
1209,78.0693306517853
1210,84.9731921741224
1211,85.2262700131594
1212,85.4797671873283
1213,85.7336846357894
1214,85.9880232977033
1215,86.2427841122312
1216,86.4979680185317
1217,86.7535759557652
1218,87.0096088630952
1219,87.266067679678
1220,87.522953344676
1221,87.7802667972527
1222,88.0380089765636
1223,88.2961808217701
1224,88.5547832720356
1225,88.8138172665164
1226,89.0732837443772
1227,89.3331836447742
1228,89.5935179068699
1229,89.8542874698278
1230,90.1154932728032
1231,90.3771362549587
1232,90.6392173554546
1233,90.9017375134514
1234,91.1646976681074
1235,91.2009939595527
1236,92.1414375946371
1237,94.6286240044494
1238,97.159677152575
1239,98.1979565624085
1240,98.3151316669643
1241,98.8269136895016
1242,98.6842630548607
1243,97.4195141118861
1244,96.1237765718855
1245,95.9128729029194
1246,96.3708450493139
1247,96.663106251352
1248,98.9639709985179
1249,93.272981524085
1250,73.9289075231292
1251,54.3496803979302
1252,48.0925748209983
1253,49.9113061160913
1254,49.7224781001921
1255,49.5341710462381
1256,49.3463837990988
1257,49.159115203647
1258,48.9723641047595
1259,48.7861293473091
1260,48.6004097761694
1261,48.4152042362142
1262,47.9359486343606
1263,48.6293631105119
1264,51.2935453101204
1265,53.9750318400666
1266,54.7190637534644
1267,54.2881330228005
1268,54.1497528987766
1269,54.0116208011545
1270,53.8737363337237
1271,53.7360991002741
1272,53.5987087046003
1273,53.461564750495
1274,53.3246668417438
1275,53.1880145821436
1276,53.0516075754869
1277,52.9154454255634
1278,52.779527736165
1279,52.6438541110802
1280,52.5084241541057
1281,52.3732374690333
1282,52.2382936596487
1283,52.1035923297494
1284,51.9691330831263
1285,51.834915523568
1286,51.7009392548702
1287,51.5672038808207
1288,51.433709005214
1289,51.3004542318428
1290,51.1674391644931
1291,51.0346634069613
1292,49.5945242238593
1293,53.3572882093049
1294,65.8963857656562
1295,78.5884072768138
1296,82.7204501497851
1297,81.5960669157351
1298,81.7795249344735
1299,81.9632222630308
1300,82.1471592976125
1301,82.3313364344258
1302,82.5157540696849
1303,82.7004125995933
1304,82.8853124203572
1305,83.0704539281908
1306,83.2558375192987
1307,83.4414635898879
1308,83.6273325361729
1309,83.813444754356
1310,83.9998006406463
1311,84.1864005912553
1312,84.3732450023873
1313,84.5603342702526
1314,84.7476687910624
1315,84.9352489610202
1316,85.1230751763361
1317,85.3111478332185
1318,85.4994673278747
1319,85.688034056516
1320,85.8768484153477
1321,86.0659108005791
1322,86.9372600378247
1323,85.0946056581234
1324,78.6217496582348
1325,72.0523938697427
1326,69.9854672697366
1327,70.6696777960526
1328,70.6696777960526
1329,70.6696777960526
1330,70.6696777960526
1331,70.6696777960526
1332,70.6696777960526
1333,70.6696777960526
1334,70.6696777960526
1335,70.6696777960526
1336,70.6696777960526
1337,70.6696777960526
1338,70.6696777960526
1339,71.3538883223687
1340,69.3151794050084
1341,62.6611815713504
1342,55.9439894350281
1343,53.7447231400243
1344,54.2881330227994
1345,54.1497528987786
1346,54.0116208011555
1347,53.8737363337237
1348,53.7360991002741
1349,53.1483606121474
1350,54.3529007622034
1351,58.5784322446833
1352,62.841780800446
1353,64.1450266634907
1354,63.6454544781813
1355,63.5943268828445
1356,63.5432265231602
1357,63.492153384453
1358,63.4411074520515
1359,63.3900887112793
1360,63.3390971474601
1361,63.2881327459224
1362,63.2371954919899
1363,63.1862853709911
1364,63.1354023682497
1365,63.0845464690904
1366,63.0337176588388
1367,62.9829159228224
1368,62.9321412463668
1369,62.8813936147948
1370,62.8306730134349
1371,62.7799794276117
1372,62.7293128426509
1373,62.678673243878
1374,62.6280606166177
1375,62.5774749461986
1376,62.5269162179444
1377,62.4763844171786
1378,62.4258795292309
1379,61.551408897887
1380,63.9556362887665
1381,71.912847781148
1382,79.9784053802486
1383,82.6381903110232
1384,81.9792504238256
1385,82.1460575898853
1386,82.3130656880312
1387,82.4802750159414
1388,82.6476858712912
1389,82.8152985517587
1390,80.5417482342287
1391,87.9809506981014
1392,112.029906005836
1393,136.697792718487
1394,145.467667104046
1395,144.256494052849
1396,145.534956060935
1397,146.818642303262
1398,148.107589989478
1399,149.401836329224
1400,150.701418532148
1401,158.259754044532
1402,140.925625756291
1403,80.4048496187052
1404,19.091907221155
1405,-0.104343636714684
1406,5.86758870103947
1407,5.59476805418424
1408,5.32644143672977
1409,5.06258018777635
1410,4.80315564641489
1411,4.54813915174572
1412,4.29750204287325
1413,1.43534728425164
1414,8.98466145718849
1415,33.7544084798186
1416,58.5405012495411
1417,66.2750090268066
1418,63.6454544781813
1419,63.5943268828445
1420,63.5432265231602
1421,63.492153384453
1422,63.4411074520515
1423,63.3900887112793
1424,63.3390971474601
1425,63.2881327459224
1426,63.2371954919899
1427,63.1862853709911
1428,63.1354023682497
1429,63.0845464690904
1430,63.0337176588388
1431,62.9829159228224
1432,62.9321412463668
1433,62.8813936147948
1434,62.8306730134349
1435,62.7799794276117
1436,62.7293128426509
1437,62.678673243878
1438,62.6280606166177
1439,62.5774749461986
1440,62.5269162179444
1441,62.4763844171786
1442,62.4258795292309
1443,62.5688388363691
1444,61.9420540778532
1445,60.0128449121682
1446,58.0657275664036
1447,57.393473655921
1448,57.4966387496796
1449,57.4070677965668
1450,57.3175908655414
1451,57.2282078598747
1452,57.1389186828333
1453,57.0497232376885
1454,56.9606214277109
1455,56.8716131561678
1456,56.7826983263327
1457,56.6938768414702
1458,56.6051486048516
1459,60.4616410956317
1460,48.6124791729764
1461,10.3416401565942
1462,-24.9566085233905
1463,-35.3735720409055
1464,-31.8058057598598
1465,-31.7029400784687
1466,-31.5909627799846
1467,-31.469979813443
1468,-32.0632364576856
1469,-29.7704124149483
1470,-22.8224332216383
1471,-16.0239043815677
1472,-13.9672939072593
1473,-14.6868043896961
1474,-14.7092109613865
1475,-14.7263421186786
1476,-14.738252107477
1477,-14.7449951736892
1478,-14.7466255632219
1479,-14.7431975219814
1480,-14.7347652958735
1481,-14.7213831308062
1482,-14.7031052726844
1483,-14.6799859674136
1484,-14.6520794609028
1485,-14.6194399990568
1486,-14.5821218277821
1487,-14.540179192986
1488,-14.4936663405743
1489,-14.4426375164534
1490,-14.3871469665291
1491,-14.3272489367081
1492,-14.2629976728975
1493,-14.1944474210046
1494,-14.1216524269337
1495,-14.0446669365918
1496,-13.9635451958862
1497,-13.8783414507219
1498,-16.4695173544145
1499,-8.40577680540814
1500,18.7176461209531
1501,46.7128561707468
1502,55.7772632167636
1503,53.1254285050212
1504,53.3882475355438
1505,53.6514921231354
1506,53.915164102095
1507,54.1792653067204
1508,54.4437975713083
1509,54.7087627301561
1510,54.9741626175622
1511,55.2399990678246
1512,55.5062739152406
1513,55.7729889941084
1514,56.0401461387249
1515,56.3077471833883
1516,56.5757939623962
1517,56.8442883100461
1518,57.1132320606359
1519,57.3826270484637
1520,57.6524751078276
1521,57.922778073024
1522,58.1935377783511
1523,58.4647560581069
1524,58.7364347465888
1525,59.0085756780945
1526,59.2811806869221
1527,59.5542516073694
1528,57.019422553085
1529,65.6481801266011
1530,93.6476659915116
1531,122.960798413374
1532,134.290337319076
1533,133.844774705469
1534,136.341965058841
1535,138.850059550015
1536,141.36924098998
1537,143.899692189726
1538,146.441595960237
1539,148.995135112508
1540,151.560492457525
1541,154.137850806275
1542,156.72739296975
1543,159.329301758936
1544,161.943759984825
1545,164.570950458404
1546,167.21105599066
1547,169.864259392583
1548,172.530743475165
1549,175.210691049391
1550,184.220668938009
1551,168.093170994305
1552,107.306816657077
1553,44.8533931728265
1554,25.1725090787758
1555,31.3864102406702
1556,31.1661171798942
1557,30.9469806777955
1558,30.7289963864082
1559,29.8950564995355
1560,31.5177388815656
1561,37.2448095005078
1562,42.9884527745005
1563,44.6796564870971
1564,43.9196173206964
1565,43.7697058517049
1566,43.6201503511127
1567,38.1718357821467
1568,53.7968448590488
1569,105.058013796168
1570,157.800671832439
1571,176.581691827342
1572,173.635088090155
1573,176.111494906258
1574,178.600456554462
1575,181.102125445474
1576,183.616653990004
1577,186.144194598759
1578,197.384776095239
1579,173.991043923134
1580,89.5654154195503
1581,3.69986028830951
1582,-20.7067835114413
1583,-12.956976713933
1584,-13.1002859685295
1585,-13.2372009869088
1586,-13.3677760149749
1587,-13.492065298634
1588,-13.6101230837943
1589,-13.7220036163615
1590,-13.8277611422428
1591,-13.9274499073428
1592,-14.0211241575688
1593,-14.1088381388269
1594,-14.1906460970247
1595,-14.2666022780666
1596,-14.336760927861
1597,-14.4011762923148
1598,-14.4599026173311
1599,-14.5129941488195
1600,-14.560505132685
1601,-14.6024898148334
1602,-14.6390024411733
1603,-14.6700972576098
1604,-14.6958285100485
1605,-14.7162504443971
1606,-14.731417306562
1607,-14.741383342448
1608,-17.3634444205385
1609,-9.57172767140613
1610,16.8396962841247
1611,44.1595861672619
1612,58.0515695759778
1613,39.3443580984111
1614,-11.0154257740563
1615,-60.5423700569561
1616,-61.6928317990163
1617,-19.9051648941508
1618,18.0565311060907
1619,30.3917475069331
1620,26.1172420785561
1621,22.0785479119227
1622,33.5337972403559
1623,71.0847533383611
1624,109.727298060473
1625,123.519921708117
1626,121.339012540106
1627,123.141879326882
1628,124.952097634965
1629,126.769764194897
1630,128.594975737225
1631,130.427828992492
1632,132.268420691239
1633,134.116847564011
1634,135.973206341353
1635,137.837593753808
1636,139.710106531917
1637,141.590841406225
1638,143.479895107277
1639,145.377364365614
1640,147.283345911781
1641,149.197936476323
1642,151.12123278978
1643,153.053331582699
1644,154.99432958562
1645,162.208264631845
1646,148.473090865051
1647,97.8540240668944
1648,46.0241814001694
1649,29.6684864068427
1650,27.0564001941731
1651,49.8840496825374
1652,124.614230052902
1653,201.854640017238
1654,236.362059844474
1655,213.460057830726
1656,152.665678793271
1657,89.4450058455232
1658,69.4856963078294
1659,76.1644795887972
1660,76.2222565817218
1661,76.2800613679254
1662,76.3378939620813
1663,76.3957543788669
1664,76.4536426329537
1665,76.5115587390169
1666,76.5695027117321
1667,76.6274745657694
1668,76.6854743158084
1669,76.7435019765225
1670,76.8015575625839
1671,76.8596410886671
1672,76.9177525694495
1673,76.9758920196035
1674,77.0340594538013
1675,77.0922548867205
1676,77.1504783330343
1677,77.2087298074162
1678,77.2670093245426
1679,77.3253168990878
1680,77.3836525457243
1681,77.4420162791273
1682,77.5004081139713
1683,77.5588280649317
1684,78.7745211109421
1685,75.38460841876
1686,64.1748723659873
1687,52.8577761554105
1688,49.1954724576857
1689,50.1724610132548
1690,49.9962727456024
1691,49.8205315183167
1692,49.645236392231
1693,49.470386428191
1694,49.2959806870341
1695,49.1220182296011
1696,48.9484981167295
1697,48.7754194092598
1698,48.6027811680316
1699,48.4305824538835
1700,48.258822327658
1701,48.0874998501907
1702,47.9166140823242
1703,47.7461640848991
1704,47.576148918749
1705,47.4065676447203
1706,47.2374193236487
1707,47.0687030163737
1708,46.9004177837369
1709,46.7325626865769
1710,46.5651367857343
1711,46.3981391420466
1712,46.2315688163534
1713,46.0654248694962
1714,54.408533986932
1715,28.8610518575856
1716,-47.9844892897542
1717,-119.833260407936
1718,-139.127568923252
1719,-129.076732546364
1720,-126.264943214002
1721,-123.413288278953
1722,-120.522820702467
1723,-117.594593445792
1724,-114.629659470181
1725,-111.629071736884
1726,-108.59388320715
1727,-105.525146842231
1728,-102.423915603375
1729,-99.2912424518344
1730,-96.1281803488595
1731,-92.9357822556999
1732,-89.7151011336064
1733,-86.467189943829
1734,-83.1931016476177
1735,-79.8938892062242
1736,-76.5706055808978
1737,-73.2243037328892
1738,-69.8560366234487
1739,-66.4668572138265
1740,-63.057818465273
1741,-59.6299733390386
1742,-56.1843747963739
1743,-52.7220757985292
1744,-52.1544050509147
1745,-40.0756856361305
1746,-13.3813648114562
1747,12.0072857174164
1748,20.4865832898054
1749,17.7730312534404
1750,17.8387559569729
1751,17.9045062719783
1752,17.9702822893849
1753,18.0360841001207
1754,18.1019117951144
1755,18.1677654652943
1756,18.2336452015886
1757,18.2995510949254
1758,18.3654832362331
1759,18.4314417164404
1760,18.4974266264752
1761,18.5634380572658
1762,18.6294760997407
1763,18.6955408448281
1764,18.7616323834563
1765,18.8277508065535
1766,18.8938962050484
1767,18.960068669869
1768,19.0262682919436
1769,19.0924951622006
1770,19.1587493715682
1771,19.2250310109747
1772,19.2913401713487
1773,19.357676943618
1774,19.4240414187112
1775,19.4904336875568
1776,19.5568538410828
1777,19.6233019702176
1778,19.6897781658895
1779,19.7562825190269
1780,19.8228151205578
1781,19.8893760614108
1782,19.9559654325145
1783,20.0225833247965
1784,20.0892298291855
1785,20.1559050366096
1786,20.2226090379973
1787,20.2893419242772
1788,20.3561037863771
1789,20.4228947152252
1790,20.4897148017504
1791,20.5565641368807
1792,20.6234428115441
1793,20.8225222446143
1794,20.4978007893144
1795,14.92017591589
1796,32.9074469299668
1797,55.8096004303559
1798,38.94309515716
1799,-5.24584660865324
1800,-10.1734791530966
1801,24.1321473738221
1802,49.4515022471287
1803,59.7936402538722
1804,58.9137442230044
1805,60.8271111629629
1806,62.744904542119
1807,64.6672602599217
1808,66.5943142158199
1809,68.5262023092628
1810,70.4630604396996
1811,72.4050245065788
1812,74.3522304093502
1813,76.3048140474622
1814,78.2629113203641
1815,80.2266581275053
1816,82.1961903683345
1817,84.1716439423002
1818,86.1531547488521
1819,88.1408586874393
1820,90.134891657511
1821,92.1353895585159
1822,94.1424882899026
1823,96.1563237511209
1824,98.1770318416199
1825,100.204748460848
1826,102.239609508254
1827,104.281750883288
1828,106.331308485399
1829,109.248568589975
1830,108.752425211733
1831,102.042962044685
1832,94.8239030068569
1833,93.3017368908384
1834,95.4541866301111
1835,96.6985653808838
1836,97.9472033709492
1837,99.2001501263448
1838,100.457455173109
1839,101.71916803728
1840,102.985338244897
1841,104.256015321999
1842,105.531248794621
1843,106.811088188803
1844,108.095583030585
1845,109.384782846004
1846,110.678737161097
1847,111.977495501904
1848,113.281107394463
1849,114.589622364812
1850,115.903089938988
1851,117.221559643031
1852,118.545081002979
1853,119.87370354487
1854,121.207476794743
1855,122.546450278635
1856,123.890673522585
1857,125.240196052631
1858,126.595067394813
1859,141.834397471255
1860,101.755592655348
1861,-30.7700924907669
1862,-150.237224750101
1863,-181.091194584585
1864,-163.840775535367
1865,-158.453278527953
1866,-153.00786829596
1867,-147.506713088134
1868,-141.951981153222
1869,-136.345840739969
1870,-130.690460097122
1871,-124.988007473427
1872,-119.24065111763
1873,-113.450559278479
1874,-107.619900204719
1875,-101.750842145096
1876,-103.21207364275
1877,-75.4919634630469
1878,-9.05989582011391
1879,60.3643565656833
1880,85.614523321264
1881,80.460532805413
1882,82.8925751657405
1883,85.3317682935797
1884,87.7783150475834
1885,90.2324182864035
1886,92.6942808686933
1887,95.1641056531063
1888,97.6420954982944
1889,100.128453262911
1890,102.623381805608
1891,105.127083985039
1892,107.639762659856
1893,110.161620688714
1894,112.692860930263
1895,115.233686243158
1896,117.78429948605
1897,120.344903517592
1898,122.915701196439
1899,125.496895381241
1900,128.088688930653
1901,130.691284703327
1902,133.304885557915
1903,135.92969435307
1904,138.565913947446
1905,141.213747199695
1906,146.962118772981
1907,140.428825488703
1908,111.709927458414
1909,81.6085423076187
1910,72.2453911799578
1911,75.8348142182954
1912,76.2059757148635
1913,76.5779264583783
1914,76.9506696185058
1915,77.3242083649122
1916,77.6985458672648
1917,78.0736852952273
1918,78.4496298184688
1919,78.8263826066564
1920,79.2039468294545
1921,79.5823256565309
1922,79.9615222575507
1923,80.3415398021803
1924,80.722381460088
1925,81.104050400938
1926,81.4865497943988
1927,81.8698828101363
1928,82.2540526178163
1929,82.6390623871059
1930,83.0249152876704
1931,83.4116144891776
1932,83.7991631612937
1933,84.1875644736845
1934,84.5768215960164
1935,84.9669376979563
1936,86.5438808614521
1937,83.4020235462761
1938,72.1461542485242
1939,60.6822923919627
1940,57.0725746134562
1941,58.2672279133727
1942,58.2672279133727
1943,58.2672279133727
1944,58.2672279133727
1945,58.2672279133727
1946,58.2672279133727
1947,58.2672279133727
1948,58.2672279133727
1949,58.2672279133727
1950,58.2672279133727
1951,58.2672279133727
1952,63.2847717730221
1953,48.3241016814666
1954,-0.295459124029695
1955,-43.6747515438301
1956,-56.422019084919
1957,-51.4902541821785
1958,-50.9352615396128
1959,-50.3672397617969
1960,-49.7864007866418
1961,-49.1929565520558
1962,-48.5871189959463
1963,-47.9691000562223
1964,-47.3391116707935
1965,-46.6973657775688
1966,-46.0440743144558
1967,-45.3794492193638
1968,-44.7037024302014
1969,-44.0170458848776
1970,-43.3196915213016
1971,-42.611851277382
1972,-41.8937370910271
1973,-41.1655609001462
1974,-40.4275346426475
1975,-39.6798702564393
1976,-38.9227796794323
1977,-34.099715484455
1978,-52.2677538700659
1979,-64.3766546157578
1980,-50.8674586475968
1981,-16.3998288106426
1982,18.4814730013459
1983,63.414738439336
1984,126.987483251803
1985,171.497011760577
1986,198.871612214367
1987,194.397307045106
1988,169.402520267118
1989,140.326988345214
1990,132.669992532879
1991,139.620352171365
1992,142.960512342024
1993,146.31542155765
1994,149.685401950273
1995,153.070775651916
1996,156.471864794609
1997,159.888991510381
1998,163.322477931255
1999,166.772646189261
2000,170.239818416426
2001,173.724316744779
2002,177.226463306345
2003,180.746580233151
2004,184.284989657227
2005,187.842013710598
2006,191.417974525292
2007,195.013194233338
2008,198.627994966761
2009,202.262698857589
2010,205.917628037851
2011,209.593104639573
2012,213.289450794781
2013,217.006988635507
2014,220.746040293772
2015,224.506927901606
2016,239.789425925581
2017,209.287917215443
2018,97.3471550668803
2019,-14.9965993094332
2020,-46.6035790762286
2021,-36.116779425072
2022,-36.0739181474431
2023,-36.0200487734152
2024,-35.9552899531292
2025,-35.8797603367277
2026,-35.7935785743506
2027,-35.6968633161397
2028,-35.5897332122339
2029,-39.1139349144021
2030,-28.142627006379
2031,7.02800330189558
2032,44.9165774645048
2033,56.6964016590588
2034,52.6742774130078
2035,52.5841587821275
2036,52.4941418153642
2037,52.4042263953218
2038,52.3144124046045
2039,52.2246997258208
2040,52.1350882415739
2041,52.0455778344659
2042,51.9561683871046
2043,51.8668597820958
2044,51.7776519020412
2045,51.6885446295477
2046,51.5995378472229
2047,51.5106314376671
2048,51.4218252834863
2049,51.3331192672877
2050,51.244513271674
2051,51.1560071792509
2052,51.0676008726244
2053,50.979294234399
2054,50.8910871471782
2055,50.802979493567
2056,50.7149711561721
2057,50.6270620175971
2058,50.5392519604484
2059,47.3017590052678
2060,56.592895732383
2061,87.1108564667934
2062,118.331932254549
2063,129.157717738898
2064,127.155827708071
2065,128.351340440948
2066,129.551490593946
2067,130.756314271546
2068,131.965847578231
2069,133.180126618483
2070,134.399187496781
2071,135.623066317611
2072,136.851799185454
2073,138.085422204789
2074,139.3239714801
2075,140.567483115868
2076,141.815993216578
2077,143.069537886708
2078,144.328153230742
2079,149.470464683632
2080,139.178283350663
2081,102.045816719503
2082,64.1380071413422
2083,52.1388153954474
2084,55.9069415822787
2085,55.7552811329984
2086,55.603914374571
2087,55.4528408196757
2088,55.3020599809914
2089,55.1515713712034
2090,55.0013745029898
2091,54.8514688890306
2092,54.70185404201
2093,54.5525294746122
2094,54.4034946995132
2095,54.25474922939
2096,54.1062925769308
2097,53.9581242548169
2098,53.8102437757271
2099,53.6626506523407
2100,53.5153443973418
2101,53.3683245234115
2102,53.2215905432268
2103,53.0751419694739
2104,52.9289783148339
2105,52.783099091985
2106,52.6375038136062
2107,53.4574452616098
2108,50.4361617016623
2109,40.9513036544848
2110,31.4397736830765
2111,28.3124899864835
2112,29.0235714869518
2113,28.7819985802017
2114,28.5419362176191
2115,22.9061052641842
2116,38.737202043677
2117,90.557601815038
2118,143.448113687239
2119,161.649013376685
2120,157.940252754336
2121,159.694099316613
2122,159.505549672451
2123,167.084866057583
2124,188.343853815537
2125,210.527706856097
2126,220.007364557567
2127,221.309772807547
2128,224.670670839524
2129,236.385547392632
2130,214.933548796504
2131,134.700769938423
2132,52.3712129099012
2133,26.4315656808694
2134,34.6070674403157
2135,34.3060316734627
2136,34.0069380903759
2137,33.7097791777776
2138,33.4145474223809
2139,33.1212353109002
2140,32.8298353300554
2141,32.540339966563
2142,32.2527417071353
2143,31.9670330384941
2144,31.6832064473551
2145,31.4012544204326
2146,31.1211694444453
2147,30.8429440061055
2148,30.5665705921362
2149,30.2920416892518
2150,30.0193497841635
2151,29.7484873635943
2152,29.4794469142597
2153,29.2122209228731
2154,28.9468018761542
2155,28.6831822608185
2156,28.4213545635816
2157,28.161311271164
2158,27.9030448702784
2159,24.3801967847961
2160,33.8531269713036
2161,65.0495254278972
2162,96.583509346269
2163,106.894318182794
2164,104.10002560714
2165,104.567751662687
2166,105.036621293228
2167,105.506638397316
2168,105.977806873501
2169,106.450130620332
2170,106.923613536366
2171,107.398259520147
2172,107.87407247023
2173,112.970579393769
2174,99.6776163139906
2175,54.8979119488385
2176,9.82976312653004
2177,-3.86196849421207
2178,0.0665132763592546
2179,-0.15287683702399
2180,-0.36131635029798
2181,-0.565321700214705
2182,-4.06757517071249
2183,6.17449733422082
2184,40.9133631819513
2185,75.7639421515288
2186,86.874550969591
2187,83.4414635898879
2188,83.6273325361729
2189,83.813444754357
2190,83.9998006406463
2191,84.1864005912544
2192,84.3732450023873
2193,84.5603342702526
2194,84.7476687910624
2195,84.9352489610202
2196,85.1230751763361
2197,85.3111478332185
2198,85.4994673278736
2199,85.688034056516
2200,85.8768484153477
2201,86.0659108005791
2202,86.2552216084186
2203,86.4447812350734
2204,86.6345900767548
2205,86.8246485296682
2206,87.0149569900228
2207,87.205515854026
2208,87.396325517889
2209,87.5873863778173
2210,87.7786988300179
2211,87.9702632707044
2212,94.5241519423649
2213,75.745705471383
2214,13.9701369730783
2215,-42.8202761815735
2216,-59.4694487634631
2217,-53.522219076962
2218,-53.1727595264254
2219,-52.8087636646706
2220,-52.4304273402045
2221,-52.0379464015313
2222,-51.6315166971539
2223,-57.6036970997599
2224,-38.1466084257573
2225,24.6462018900985
2226,91.4517707664052
2227,113.228255454391
2228,107.040547657209
2229,107.816985451168
2230,108.595903215638
2231,109.377315625
2232,110.161237353634
2233,110.947683075923
2234,111.736667466248
2235,114.375995972221
2236,109.663689836132
2237,92.2138776833268
2238,74.3635519087579
2239,68.7775734074326
2240,70.7181746127897
2241,70.787268404797
2242,70.8564028952838
2243,70.9255781129111
2244,70.9947940863437
2245,71.0640508442375
2246,71.1333484152546
2247,71.2026868280576
2248,71.2720661113056
2249,71.3414862936614
2250,71.410947403785
2251,71.4804494703382
2252,71.54999252198
2253,71.6195765873722
2254,71.6892016951767
2255,71.7588678740516
2256,71.8285751526606
2257,71.8983235596637
2258,71.9681131237207
2259,74.971131746376
2260,66.2984049284273
2261,37.8241178963272
2262,9.28276530633186
2263,0.313535241089462
2264,3.00127864869128
2265,2.7957053696666
2266,2.59400204262344
2267,2.39614154172688
2268,2.20209674114714
2269,2.01184051505355
2270,1.8253457376126
2271,1.64258528299448
2272,1.46353202536666
2273,1.2881588388957
2274,1.11643859775398
2275,0.948344176107656
2276,0.783848448122865
2277,0.622924287971508
2278,0.465544569820197
2279,0.311682167838147
2280,0.161309956194586
2281,1.27637116193482
2282,-2.37119151745049
2283,-13.3224532708176
2284,-24.0524777478961
2285,-27.2139277918579
2286,-25.9713478739932
2287,-25.8148303141863
2288,-25.6513612527185
2289,-25.4810315276436
2290,-25.3039319770169
2291,-25.1201534388943
2292,-24.9297867513307
2293,-24.7329227523782
2294,-24.5296522800932
2295,-24.3200661725317
2296,-24.1042552677471
2297,-23.8823104037934
2298,-23.6543224187252
2299,-23.4203821505996
2300,-23.1805804374697
2301,-22.9350081173885
2302,-22.6837560284134
2303,-22.4269150085991
2304,-22.1645758959994
2305,-21.8968295286681
2306,-21.6237667446607
2307,-21.3454783820332
2308,-21.0620552788385
2309,-20.7735882731319
2310,-20.4801682029684
2311,-20.1818859064025
2312,-19.878832221489
2313,-19.5710979862827
2314,-19.258774038838
2315,-18.9419512172094
2316,-18.6207203594526
2317,-18.2951723036219
2318,-17.9653978877711
2319,-17.6314879499557
2320,-17.2935333282309
2321,-16.9516248606507
2322,-16.6058533852699
2323,-16.2563097401434
2324,-15.9030847633258
2325,-15.5462692928717
2326,-15.1859541668361
2327,-14.8222302232735
2328,-14.4551883002387
2329,-14.0849192357865
2330,-13.7115138679713
2331,-13.3350630348481
2332,-12.9556575744717
2333,-12.5733883248965
2334,-12.1883461241773
2335,-11.800621810369
2336,-11.4103062215263
2337,-11.0174901957037
2338,-10.6222645709561
2339,-10.2247201853381
2340,-9.82494787690435
2341,-11.7070261380308
2342,-4.60915487241794
2343,17.7405168693497
2344,42.2961683432074
2345,53.7901186342593
2346,54.5706731355137
2347,58.0183856831185
2348,61.4728337719298
2349,64.9344136102538
2350,68.4035214063966
2351,71.8805533686645
2352,75.3659057053642
2353,78.8599746248015
2354,82.3631563352825
2355,85.8758470451141
2356,89.3984429626022
2357,92.9313402960526
2358,96.4749352537724
2359,100.029624044067
2360,103.595802875244
2361,107.173867955608
2362,110.764215493466
2363,114.367241697125
2364,117.98334277489
2365,121.612914935068
2366,125.256354385965
2367,128.914057335887
2368,132.586419993141
2369,136.273838566033
2370,139.976709262869
2371,146.812387356283
2372,141.259927184473
2373,112.698943109687
2374,82.2140726181739
2375,72.7853606659877
2376,76.6997010262242
2377,77.3009869224369
2378,77.9038489352918
2379,78.5082977624141
2380,79.1143441014272
2381,79.7219986499555
2382,80.331272105622
2383,80.9421751660525
2384,81.554718528872
2385,82.1689128917034
2386,82.7847689521701
2387,83.4022974078982
2388,84.0215089565114
2389,84.6424142956334
2390,85.2650241228897
2391,85.8893491359038
2392,86.5154000322992
2393,87.1431875097013
2394,87.772722265734
2395,88.4040149980221
2396,89.0370764041892
2397,89.6719171818586
2398,90.3085480286568
2399,90.9469796422062
2400,91.5872227201318
2401,95.0204324880451
2402,87.3457967443814
2403,60.4450739954763
2404,33.1230063077534
2405,24.4762270767473
2406,27.1025823070375
2407,26.9277471290738
2408,26.7537233857205
2409,26.5805079073128
2410,26.4080975241843
2411,25.1417522245619
2412,28.2311161752308
2413,38.6040078508367
2414,49.0422195545801
2415,52.3228443085595
2416,50.1507473996204
2417,53.3849239345781
2418,63.9625152303979
2419,74.7386484981009
2420,78.418945207017
2421,79.1639872484948
2422,75.1728183522404
2423,61.1471057084403
2424,46.8843925325769
2425,42.3519103081597
2426,43.7449003699514
2427,43.6648154943118
2428,43.5848199563085
2429,43.5049136385447
2430,43.4250964236259
2431,43.3453681941587
2432,43.2657288327483
2433,43.1861782219985
2434,43.1067162445131
2435,43.0273427828985
2436,42.9480577197594
2437,42.8688609377003
2438,42.7897523193277
2439,42.7107317472442
2440,42.6317991040555
2441,42.5529542723686
2442,42.4741971347864
2443,42.3955275739131
2444,42.3169454723547
2445,42.2384507127184
2446,42.1600431776061
2447,42.0817227496225
2448,42.0034893113753
2449,41.9253427454663
2450,41.8472829345023
2451,41.9217702774597
2452,41.3897602224428
2453,39.834208496261
2454,38.2679588751054
2455,37.7063885468915
2456,37.7540974224649
2457,37.6505256269939
2458,37.5471285550645
2459,37.4439058644163
2460,37.3408572127914
2461,37.2379822579303
2462,37.1352806575727
2463,37.0327520694582
2464,36.9303961513284
2465,36.8282125609236
2466,36.7262009559841
2467,36.6243609942484
2468,36.5226923334585
2469,36.4211946313557
2470,36.3198675456795
2471,36.2187107341692
2472,34.5313789295181
2473,39.1533550520934
2474,54.4257784860835
2475,69.9549146838791
2476,75.1663277480254
2477,73.9684759921032
2478,74.3658396975479
2479,74.7640740794088
2480,75.1631830362364
2481,75.5631704665836
2482,75.9640402689997
2483,76.3657963420372
2484,76.7684425842467
2485,77.1719828941797
2486,78.7300706000827
2487,75.6984191618001
2488,64.752668797848
2489,53.5897868841708
2490,50.0731725100153
2491,51.2367958540899
2492,51.2367958540899
2493,51.2367958540899
2494,51.2367958540899
2495,51.2367958540899
2496,51.2367958540899
2497,51.2367958540899
2498,54.9961943503309
2499,43.7895115707436
2500,7.32059011134869
2501,-25.993878313836
2502,-35.7081874244571
2503,-32.1386431442547
2504,-31.8597867365394
2505,-31.5728357525513
2506,-31.2779088424302
2507,-30.9751246563171
2508,-30.6646018443534
2509,-30.3464590566793
2510,-30.0208149434352
2511,-28.7557190664437
2512,-31.1915821533235
2513,-39.4895886963622
2514,-47.3527887818004
2515,-49.0047691306436
2516,-47.1784727579617
2517,-46.2019876173345
2518,-45.2142851225245
2519,-44.2156406996383
2520,-43.2063297747824
2521,-42.1866277740652
2522,-41.1568101235936
2523,-42.353275485806
2524,-34.6624484159053
2525,-13.4654825459595
2526,7.5999751272218
2527,14.4601020621841
2528,12.0511858120371
2529,11.9466062909393
2530,11.8424895411434
2531,11.7388323929825
2532,11.6356316767904
2533,11.5328842229009
2534,11.4305868616472
2535,11.328736423363
2536,11.2273297383815
2537,11.126363637037
2538,11.0258349496626
2539,10.9257405065915
2540,10.8260771381579
2541,10.7268416746951
2542,10.6280309465363
2543,10.5296417840153
2544,10.4316710174661
2545,10.3341154772221
2546,10.236971993616
2547,10.1402373969822
2548,10.043908517654
2549,9.94798218596475
2550,9.85245523224862
2551,9.75732448683844
2552,9.66258678006817
2553,8.4199237097456
2554,11.7311797836653
2555,22.6335880894497
2556,33.7652604059247
2557,37.6183276071617
2558,36.8333634918509
2559,37.2003848945047
2560,37.5679441425969
2561,37.9360462694409
2562,38.3046963083491
2563,38.6738992926344
2564,39.0436602556103
2565,39.4139842305894
2566,39.7848762508846
2567,40.1563413498088
2568,40.5283845606748
2569,40.9010109167958
2570,41.2742254514847
2571,41.6480331980545
2572,42.022439189818
2573,42.3974484600877
2574,42.773066042177
2575,43.1492969693992
2576,43.5261462750665
2577,43.9036189924923
2578,44.2817201549892
2579,44.6604547958703
2580,45.0398279484488
2581,45.4198446460366
2582,45.8005099219481
2583,46.6239712025148
2584,45.6911590469985
2585,41.6756293828127
2586,37.5184573758374
2587,36.281251294013
2588,36.8636996191701
2589,36.9944758004674
2590,37.125376391173
2591,37.2564017874954
2592,37.3875523856427
2593,37.5188285818226
2594,37.6502307722443
2595,37.7817593531153
2596,37.9134147206442
2597,38.0451972710402
2598,38.1771074005101
2599,38.3091455052629
2600,38.4413119815074
2601,38.5736072254512
2602,38.7060316333028
2603,38.7198443035818
2604,39.2056626902517
2605,40.5056806623568
2606,41.8362418606041
2607,42.3893760217366
2608,42.4579648997922
2609,42.6472197439317
2610,42.8367107869187
2611,43.0264389679134
2612,43.2164052260783
2613,43.4066105005723
2614,43.5970557305556
2615,43.7877418551896
2616,43.9786698136334
2617,44.1698405450488
2618,44.3612549885961
2619,44.5529140834349
2620,44.7448187687264
2621,44.9369699836299
2622,45.1293686673068
2623,45.3220157589182
2624,45.5149121976234
2625,45.7080589225825
2626,45.9014568729566
2627,46.0951069879066
2628,46.2890102065921
2629,46.4831674681735
2630,46.6775797118122
2631,46.8722478766677
2632,47.0671729019009
2633,46.996394527377
2634,47.9831863086326
2635,50.7966565212002
2636,53.6841677378435
2637,54.8313463595274
2638,54.8895695503284
2639,55.2191767197368
2640,55.5493829561042
2641,55.8801914290974
2642,56.2116053083823
2643,56.5436277636253
2644,56.8762619644935
2645,57.2095110806529
2646,57.5433782817702
2647,57.8778667375113
2648,58.2129796175438
2649,58.5487200915333
2650,58.8850913291458
2651,59.2220965000493
2652,59.5597387739086
2653,59.8980213203898
2654,60.2369473091617
2655,60.5765199098891
2656,60.9167422922387
2657,61.2576176258771
2658,61.599149080471
2659,61.9413398256855
2660,62.2841930311886
2661,62.6277118666471
2662,62.9718995017261
2663,65.1673856725076
2664,59.9999876127952
2665,42.131109903616
2666,24.0244360354396
2667,18.2848459899684
2668,19.9933419968523
2669,19.8518834066076
2670,19.7110936159841
2671,19.5709694553152
2672,19.4315077549347
2673,19.2927053451755
2674,19.1545590563715
2675,19.0170657188561
2676,18.880222162963
2677,18.7440252190261
2678,19.4372473601883
2679,16.834446435944
2680,8.75203594963473
2681,0.748363399792602
2682,-1.58466014360095
2683,-0.92023480605803
2684,-0.979873944614842
2685,-1.03743407859258
2686,-1.09293623838578
2687,-1.14640145438673
2688,-1.19785075698802
2689,-1.24730517658361
2690,-1.29478574356663
2691,-1.34031348832941
2692,-1.38390944126563
2693,-1.42559463276893
2694,-1.46539009323168
2695,-1.50331685304776
2696,-6.13767146681054
2697,8.28197801163216
2698,56.7345929065069
2699,107.330945917947
2700,126.892317144295
2701,126.298960902256
2702,126.85337227355
2703,119.594155016108
2704,111.428241968116
2705,110.186760072398
2706,113.553480515643
2707,115.785760791889
2708,118.026762816255
2709,120.276642841556
2710,122.535557120611
2711,124.803661906236
2712,127.081113451247
2713,129.368068008461
2714,131.664681830693
2715,133.97111117076
2716,136.28751228148
2717,138.614041415668
2718,140.950854826141
2719,143.298108765715
2720,145.655959487207
2721,148.024563243434
2722,150.404076287211
2723,152.794654871356
2724,155.196455248684
2725,157.609633672013
2726,160.034346394158
2727,162.470749667938
2728,164.918999746165
2729,167.379252881661
2730,169.851665327239
2731,178.269596714531
2732,163.075483050289
2733,106.028785369028
2734,47.4447557457361
2735,28.9672611214065
2736,34.7977535776317
2737,34.5878618887301
2738,34.3789084210979
2739,34.1708900050683
2740,33.9638034709761
2741,32.4891410543319
2742,36.0624410783026
2743,48.0896067870414
2744,60.1987694199165
2745,64.0036311718086
2746,62.7438149646235
2747,62.7438149646235
2748,62.7438149646235
2749,62.7438149646235
2750,62.7438149646235
2751,62.7438149646235
2752,62.7438149646235
2753,63.2687383842836
2754,61.7047399307421
2755,56.5994181259233
2756,51.4439537326489
2757,49.7533564480139
2758,50.167595083589
2759,50.0585775961737
2760,49.9497187755116
2761,49.8410183923154
2762,49.7324762172958
2763,49.6240920211667
2764,49.5158655746416
2765,48.683462665327
2766,50.7332489701226
2767,57.6468596168394
2768,64.6360004350524
2769,66.8729500876393
2770,66.2028712722357
2771,66.2558845206246
2772,66.3089229209039
2773,66.3619864877483
2774,66.4150752358312
2775,66.4681891798276
2776,66.5213283344117
2777,66.574492714258
2778,66.6276823340399
2779,66.6808972084341
2780,66.7341373521145
2781,66.7874027797524
2782,66.8406935060247
2783,66.8940095456055
2784,66.9473509131706
2785,67.0007176233924
2786,67.0541096909453
2787,67.1075271305038
2788,67.1609699567422
2789,67.2144381843371
2790,67.2679318279603
2791,67.321450902287
2792,67.3749954219906
2793,67.4285654017474
2794,67.4821608562318
2795,68.5844219189326
2796,65.5134232698565
2797,55.3549145862957
2798,45.100769494811
2799,41.785619223354
2800,42.6732322432752
2801,42.5162310232003
2802,42.3596345812709
2803,42.2034419783264
2804,42.0476522752057
2805,41.8922645327507
2806,41.7372778117969
2807,41.5826911731866
2808,41.4285036777598
2809,41.2747143863547
2810,41.1213223598118
2811,40.9683266589693
2812,40.8157263446682
2813,40.6635204777475
2814,40.5117081190472
2815,40.3602883294062
2816,40.2092601696634
2817,40.0586227006611
2818,39.9083749832362
2819,39.7585160782279
2820,39.6090450464792
2821,39.4599609488272
2822,39.3112628461108
2823,39.1629497991714
2824,39.0150208688465
2825,38.0816587231442
2826,40.2751556351263
2827,47.7253335352631
2828,55.2391395061452
2829,57.6010983082711
2830,56.8191434210526
2831,56.8191434210526
2832,56.8191434210526
2833,56.8191434210526
2834,56.8191434210526
2835,56.8191434210526
2836,56.8191434210526
2837,56.8191434210526
2838,56.8191434210526
2839,56.8191434210526
2840,56.8191434210526
2841,56.8191434210526
2842,56.8191434210526
2843,56.8191434210526
2844,56.8191434210526
2845,56.8191434210526
2846,56.8191434210526
2847,56.8191434210526
2848,56.8191434210526
2849,56.8191434210526
2850,56.8191434210526
2851,56.8191434210526
2852,56.8191434210526
2853,56.8191434210526
2854,56.8191434210526
2855,57.2101208646612
2856,56.0453193985125
2857,52.2422801620176
2858,48.4001376109793
2859,47.1373970314124
2860,47.4430877876743
2861,47.3588612145387
2862,47.2747292618176
2863,47.1906918121148
2864,47.1067487480343
2865,47.0228999521832
2866,46.9391453071644
2867,46.8554846955826
2868,46.7719180000452
2869,46.6884451031547
2870,46.6050658875172
2871,46.5217802357387
2872,46.4385880304222
2873,46.3554891541733
2874,46.2724834895971
2875,46.189570919298
2876,46.1067513258819
2877,46.0240245919532
2878,45.9413906001179
2879,45.8588492329791
2880,45.7764003731417
2881,45.6940439032125
2882,45.6117797057955
2883,45.5296076634961
2884,45.4475276589183
2885,43.2894976179233
2886,49.3893381136882
2887,69.4667134218781
2888,89.935738221649
2889,96.9106099447761
2890,95.4673210065487
2891,96.120543868587
2892,96.775663775996
2893,97.4326914264
2894,98.0916375174239
2895,98.7525127466905
2896,99.4153278118232
2897,100.080093410448
2898,100.74682024019
2899,101.415518998671
2900,102.086200383517
2901,102.758875092352
2902,103.433553822801
2903,104.110247272487
2904,104.788966139032
2905,105.469721120065
2906,106.152522913208
2907,106.837382216085
2908,107.524309726321
2909,108.213316141542
2910,108.904412159367
2911,109.597608477423
2912,110.292915793338
2913,110.99034480473
2914,111.689906209229
2915,115.452819281453
2916,107.032598973001
2917,77.5914343264204
2918,47.6855673678741
2919,38.1988755509685
2920,41.0795315547776
2921,40.8861295620037
2922,40.6933915850024
2923,40.5013157894739
2924,40.3099003411226
2925,40.1191434056535
2926,39.9290431487622
2927,39.7395977361568
2928,39.5508053335387
2929,39.3626641066071
2930,39.1751722210683
2931,38.9883278426216
2932,38.8021291369693
2933,38.6165742698166
2934,38.431661406863
2935,38.2473887138106
2936,38.0637543563646
2937,37.880756500225
2938,37.6983933110935
2939,37.5166629546734
2940,37.3355635966675
2941,37.155093402778
2942,36.9752505387058
2943,36.7960331701542
2944,36.6174394628267
2945,34.8079814597092
2946,39.4898359289937
2947,55.0706196246155
2948,70.8138600382664
2949,75.9030689102305
2950,74.4494317447275
2951,74.6236422615993
2952,74.7980762399544
2953,74.972734076003
2954,75.1476161659539
2955,75.322722906013
2956,75.4980546923919
2957,75.6736119212972
2958,75.8493949889355
2959,76.0254042915173
2960,76.2016402252492
2961,76.3781031863411
2962,76.5547935710022
2963,76.7317117754381
2964,76.9088581958597
2965,77.086233228474
2966,77.2638372694865
2967,77.4416707151103
2968,77.6197339615526
2969,77.7980274050199
2970,77.9765514417205
2971,78.1553064678646
2972,78.3342928796605
2973,78.5135110733146
2974,78.6929614450362
2975,78.446913396881
2976,79.8951004215101
2977,84.2380340191552
2978,88.6611692273932
2979,90.2883152088509
2980,90.1889521806006
2981,90.5198364964045
2982,90.8513774907883
2983,91.1835769980494
2984,91.5164368524896
2985,91.8499588884066
2986,92.1841449400942
2987,92.51899684185
2988,92.8545164279777
2989,93.1907055327691
2990,93.5275659905229
2991,93.8650996355398
2992,94.2033083021135
2993,94.5421938245447
2994,94.8817580371312
2995,95.2220027741677
2996,95.5629298699537
2997,95.9045411587892
2998,96.2468384749698
2999,96.5898236527912
3000,96.9334985265541
3001,97.2778649305553
3002,97.6229246990934
3003,97.9686796664642
3004,98.3151316669643
3005,100.967118699382
3006,94.4460280939529
3007,72.2326997873119
3008,49.7492155157676
3009,42.5779358657546
3010,44.6764052212208
3011,44.4707372796334
3012,44.2657663711744
3013,44.0614906615489
3014,43.8579083164615
3015,43.6550175016113
3016,43.4528163827006
3017,43.2513031254338
3018,43.050475895514
3019,42.8503328586396
3020,42.6508721805139
3021,42.4520920268402
3022,42.2539905633216
3023,42.0565659556606
3024,41.8598163695564
3025,41.6637399707153
3026,41.4683349248376
3027,41.2735993976227
3028,41.0795315547776
3029,40.8861295620037
3030,40.6933915850024
3031,40.5013157894739
3032,40.3099003411226
3033,40.1191434056525
3034,39.9290431487622
3035,39.7395977361578
3036,39.5508053335387
3037,39.3626641066071
3038,39.1751722210683
3039,38.9883278426216
3040,38.8021291369693
3041,38.6165742698166
3042,38.431661406863
3043,38.2473887138106
3044,38.0637543563646
3045,37.880756500225
3046,37.6983933110935
3047,37.5166629546734
3048,37.335563596667
3049,37.1550934027775
3050,36.9752505387063
3051,36.7960331701555
3052,36.6174394628267
3053,36.4394675824234
3054,36.2621156946475
3055,36.0853819652004
3056,35.9092645597866
3057,35.733761644107
3058,35.5588713838635
3059,35.3845919447584
3060,35.2109214924948
3061,35.0378581927747
3062,34.8654002113001
3063,34.6935457137741
3064,34.5222928658973
3065,33.3681626218264
3066,36.1274400543613
3067,45.4506760904161
3068,54.8442423971724
3069,57.7965870300758
3070,56.8191434210526
3071,56.8191434210526
3072,56.8191434210526
3073,56.8191434210526
3074,56.8191434210526
3075,56.8191434210526
3076,56.8191434210526
3077,56.8191434210526
3078,56.8191434210526
3079,56.8191434210526
3080,56.8191434210526
3081,56.8191434210526
3082,56.8191434210526
3083,56.8191434210526
3084,56.8191434210526
3085,56.8191434210526
3086,56.8191434210526
3087,56.8191434210526
3088,56.8191434210526
3089,56.8191434210526
3090,56.8191434210526
3091,56.8191434210526
3092,56.8191434210526
3093,56.8191434210526
3094,53.4958351503757
3095,63.3899940281503
3096,95.8005481543587
3097,129.144149684768
3098,141.026323749225
3099,139.278884631093
3100,140.931588766569
3101,142.591451535024
3102,144.258545031696
3103,145.932941351823
3104,147.614712590643
3105,149.30393084339
3106,151.000668205305
3107,152.704996771625
3108,154.416988637586
3109,156.136715898426
3110,157.864250649381
3111,159.599664985689
3112,161.34303100259
3113,163.094420795319
3114,164.853906459115
3115,166.62156008921
3116,168.397453780848
3117,170.181659629263
3118,171.97424972969
3119,173.775296177376
3120,175.584871067549
3121,177.403046495446
3122,179.22989455631
3123,181.065487345377
3124,197.832685410494
3125,155.156583739939
3126,9.43319703658207
3127,-122.122566737919
3128,-159.696180348661
3129,-144.293703300043
3130,-141.990951607552
3131,-139.642364137173
3132,-137.248922082927
3133,-134.811606638835
3134,-132.331398998916
3135,-129.809280357195
3136,-127.246231907696
3137,-124.643234844439
3138,-122.001270361447
3139,-119.321319652741
3140,-116.604363912343
3141,-113.851384334276
3142,-111.063362112563
3143,-108.241278441224
3144,-105.386114514282
3145,-102.498851525759
3146,-99.5804706696782
3147,-96.6319531400601
3148,-93.6542801309281
3149,-90.6484328363042
3150,-87.6153924502091
3151,-84.5561401666665
3152,-81.471657179698
3153,-78.3629246833259
3154,-78.6661508219264
3155,-65.3154440199315
3156,-32.5438953429544
3157,-2.07949707857613
3158,7.89014150062123
3159,4.41192355089659
3160,4.33458089756938
3161,4.25821584529685
3162,4.18281792245233
3163,4.10837665741015
3164,4.03488157854562
3165,3.96232221423208
3166,3.89068809284397
3167,3.81996874275605
3168,3.75015369234263
3169,3.68123246997763
3170,3.61319460403527
3171,3.54602962289069
3172,3.4797270549175
3173,3.41427642849034
3174,3.34966727198333
3175,3.28588911377071
3176,3.22293148222727
3177,3.16078390572706
3178,3.09943591264432
3179,3.03887703135327
3180,2.9790967902287
3181,2.92008471764457
3182,2.86183034197521
3183,2.80432319159529
3184,2.74755279487862
3185,2.69150868019988
3186,2.63618037593329
3187,2.58155741045311
3188,2.5276293121339
3189,2.47438560934967
3190,2.42181583047506
3191,2.36990950388423
3192,2.31865615795137
3193,2.26804532105118
3194,2.21806652155753
3195,2.16870928784483
3196,2.1199631482879
3197,2.07181763126057
3198,2.02426226513732
3199,1.97728657829246
3200,1.93088009910025
3201,-3.33998664313174
3202,19.0759688878779
3203,51.9937951227481
3204,51.0829097935673
3205,32.6250568218651
3206,10.1178943899108
3207,-31.5894561822413
3208,-79.3342095078338
3209,-56.9916094403549
3210,-9.36764679830042
3211,28.2596478053347
3212,45.400657699805
3213,44.4522350556496
3214,47.3273107240058
3215,48.5204593892928
3216,49.2457536751957
3217,51.202156157885
3218,54.1435022656559
3219,56.8477765937457
3220,59.5575465364849
3221,62.2730700108062
3222,64.9946049336425
3223,67.7224092219268
3224,70.4567407925925
3225,73.1978575625723
3226,75.9460174487992
3227,78.7014783682063
3228,81.4644982377264
3229,84.2353349742925
3230,87.0142464948379
3231,89.8014907162954
3232,92.597325555598
3233,95.4020089296783
3234,98.2157987554696
3235,101.038952949906
3236,103.871729429918
3237,106.714386112441
3238,109.567180914407
3239,112.430371752749
3240,115.3042165444
3241,118.188973206292
3242,121.08489965536
3243,127.688197371147
3244,119.593029170391
3245,84.4793697850272
3246,47.6176039433853
3247,35.937700639491
3248,39.7967928143726
3249,39.7967928143726
3250,39.7967928143726
3251,39.7967928143726
3252,39.7967928143726
3253,39.7967928143726
3254,39.7967928143726
3255,39.7967928143726
3256,39.7967928143726
3257,39.7967928143726
3258,38.0156733490423
3259,43.3151711388487
3260,60.6930942241165
3261,78.5702011039561
3262,84.9423980267439
3263,85.1096622623486
3264,82.7432177255376
3265,72.7169007062845
3266,62.3267962630561
3267,59.1954977984923
3268,60.5834068976254
3269,60.8486250932735
3270,61.1142931478045
3271,61.3804127236674
3272,61.6469854833121
3273,61.9140130891867
3274,62.1814972037425
3275,62.4494394894299
3276,62.7178416086969
3277,62.9867052239931
3278,63.2560319977695
3279,63.525823592476
3280,63.7960816705607
3281,64.066807894474
3282,64.3380039266655
3283,64.6096714295851
3284,64.8818120656823
3285,65.1544274974064
3286,65.4275193872076
3287,65.7010893975358
3288,65.9751391908407
3289,66.249670429572
3290,66.5246847761771
3291,66.8001838931083
3292,67.0761694428157
3293,67.3526430877471
3294,68.1195676633751
3295,66.9376222612104
3296,62.404089053448
3297,57.7744195822487
3298,56.3787569098711
3299,56.9726164697977
3300,57.0719144934237
3301,57.1712975110688
3302,57.2707656401277
3303,57.3703189979944
3304,57.4699577020652
3305,57.5696818697371
3306,57.6694916184015
3307,57.7693870654559
3308,57.869368328295
3309,57.9694355243114
3310,58.0695887709026
3311,58.1698281854648
3312,58.2701538853906
3313,58.3705659880764
3314,58.4710646109168
3315,58.5716498713052
3316,58.6723218866399
3317,58.7730807743148
3318,58.8739266517228
3319,58.9748596362611
3320,59.0758798453255
3321,59.1769873963094
3322,59.2781824066068
3323,59.3794649936154
3324,61.4666145377028
3325,55.6507829215316
3326,36.3879265429554
3327,17.0268879485323
3328,10.9046504392171
3329,12.697866997797
3330,12.5256386336868
3331,12.3551504164581
3332,12.1863916484858
3333,12.0193516321457
3334,11.6816999817052
3335,12.0312813569012
3336,13.5168027227992
3337,14.9933704827409
3338,15.3379373834898
3339,15.0072745697371
3340,14.846130270732
3341,14.6862801347993
3342,14.5277166486552
3343,14.3704322990163
3344,14.2144195725992
3345,14.0596709561204
3346,13.9061789362961
3347,13.7539359998446
3348,13.6029346334801
3349,16.9203166787877
3350,6.43769517328659
3351,-24.1413619921058
3352,-53.0835046876445
3353,-60.7989235855581
3354,-55.5138014473281
3355,-57.6178201549959
3356,-66.4935227880375
3357,-74.5133778043188
3358,-75.0321537163335
3359,-71.5350676175782
3360,-69.0099604070999
3361,-69.9283255205638
3362,-57.0875903357689
3363,-24.3519870280062
3364,7.14880570656868
3365,17.5754416962957
3366,13.9916088975694
3367,12.2252815527487
3368,17.0737369123981
3369,33.0297385895641
3370,49.4412794482049
3371,55.2963402852085
3372,54.3459831078691
3373,55.0885428898692
3374,55.8327463172647
3375,56.6059917553098
3376,57.2721582000937
3377,57.7452619699207
3378,58.2055122936499
3379,58.846805048366
3380,59.6054225179155
3381,60.3370299424273
3382,61.0703668015211
3383,61.8054526267993
3384,62.5423069498641
3385,63.280949302318
3386,64.0213992157627
3387,64.7636762217998
3388,65.5077998520317
3389,66.2537896380608
3390,67.0016651114885
3391,67.7514458039166
3392,68.5031512469483
3393,69.2568009721852
3394,70.0124145112295
3395,70.7700113956827
3396,71.5296111571472
3397,72.2912333272251
3398,73.0548974375183
3399,73.8206230196291
3400,74.5884296051594
3401,75.3583367257112
3402,76.1303639128861
3403,76.9045306982876
3404,77.6808566135169
3405,78.90753718572
3406,78.3538380796836
3407,74.6668653466768
3408,70.8173880049442
3409,69.9254168033275
3410,70.892963115168
3411,71.3997826996997
3412,71.9078156795071
3413,72.4170695678725
3414,72.9275518780794
3415,73.4392701234129
3416,73.9522318171545
3417,74.4664444725873
3418,74.9819156029969
3419,75.4986527216668
3420,76.0166633418782
3421,76.5359549769149
3422,77.0565351400618
3423,77.5784113446021
3424,78.1015911038179
3425,78.6260819309939
3426,79.1518913394139
3427,79.6790268423591
3428,80.207495953115
3429,80.7373061849654
3430,81.2684650511915
3431,81.8009800650781
3432,82.3348587399093
3433,82.870108588967
3434,83.4067371255354
3435,86.9890663528275
3436,78.4551301299379
3437,48.9976114518518
3438,19.1995340015218
3439,9.83163456620119
3440,12.6978669977974
3441,12.5256386336868
3442,12.3551504164581
3443,12.1863916484858
3444,12.0193516321457
3445,11.8540196698142
3446,11.6903850638667
3447,11.5284371166798
3448,11.3681651306272
3449,11.2095584080851
3450,11.0526062514317
3451,10.8972979630407
3452,10.7436228452881
3453,10.5915702005495
3454,10.4411293311998
3455,10.2922895396157
3456,10.1450401281743
3457,9.99937039924962
3458,9.85526965521667
3459,9.71272719845294
3460,9.57173233133381
3461,9.43227435623432
3462,9.29434257553019
3463,9.15792629159784
3464,9.02301480681302
3465,16.9466288911086
3466,-6.52720835118935
3467,-75.3194036329508
3468,-138.629130202532
3469,-150.381959105466
3470,-136.110915022183
3471,-128.224220887323
3472,-120.286828483299
3473,-112.301971118092
3474,-104.272882099684
3475,-96.2027947360581
3476,-88.0949423351971
3477,-82.0939327641661
3478,-74.6466980674707
3479,-30.9083052784831
3480,56.273476328402
3481,115.720954072682
3482,94.3322229181967
3483,91.3923578871586
3484,160.810258185463
3485,222.567701988423
3486,195.469372088529
3487,119.762256682871
3488,39.1020959087396
3489,12.6541637138131
3490,21.2516853673358
3491,21.1775248730488
3492,21.1034646959663
3493,21.0295045384114
3494,20.9556441027066
3495,20.8818830911744
3496,19.2495034751717
3497,23.8055436760587
3498,38.8516729295117
3499,54.3707558725818
3500,59.9529332403595
3501,59.142423795232
3502,59.9227945193499
3503,60.7050137346554
3504,61.4891039837242
3505,62.2750878091313
3506,63.0629877534518
3507,63.8528263592625
3508,64.6446261691379
3509,65.4384097256536
3510,66.2341995713854
3511,67.0320182489082
3512,67.8318883007974
3513,68.6338322696294
3514,69.4378726979788
3515,70.2440321284209
3516,71.052333103532
3517,71.862798165887
3518,72.6754498580615
3519,73.490310722631
3520,74.3074033021712
3521,75.1267501392569
3522,77.5870859414919
3523,73.5307163659186
3524,57.9956879907436
3525,41.9954266813781
3526,36.9413430696082
3527,38.6121868457151
3528,38.6121868457151
3529,38.6121868457151
3530,38.6121868457151
3531,38.6121868457151
3532,51.2103489175618
3533,13.552249237771
3534,-96.6781762204184
3535,-194.397452278667
3536,-207.63209371111
3537,-181.483288871477
3538,-164.961571988832
3539,-148.354449747215
3540,-131.67064311638
3541,-114.918873066082
3542,-107.823193899407
3543,-60.1840488635677
3544,9.48978894066706
3545,53.3770953360046
3546,36.5262988475947
3547,10.7743477858105
3548,25.6162703477941
3549,44.2682126868029
3550,59.1535886478598
3551,74.7593629048952
3552,72.8953465807119
3553,59.9488598252785
3554,44.3469223584955
3555,39.6012506849379
3556,42.338522763505
3557,43.2266323047616
3558,44.1163587867901
3559,45.0077344492075
3560,45.9007915316307
3561,46.7955622736757
3562,47.6920789149593
3563,48.5903736950985
3564,49.4904788537096
3565,50.3924266304093
3566,51.2962492648143
3567,52.201978996541
3568,53.1096480652062
3569,54.0192887104266
3570,54.9309331718187
3571,55.8446136889988
3572,56.7603625015842
3573,57.6782118491913
3574,58.5981939714362
3575,59.5203411079366
3576,60.4446854983083
3577,61.3712593821671
3578,62.3000949991313
3579,63.2312245888171
3580,64.1646803908406
3581,67.3107239217148
3582,61.6688646502917
3583,40.3490681610109
3584,18.4532926991574
3585,11.547653452129
3586,13.6775665578951
3587,13.5656651072974
3588,13.4542739729984
3589,13.3433899853317
3590,13.2330099746298
3591,13.1231307712275
3592,13.0137492054579
3593,12.9048621076545
3594,12.7964663081516
3595,12.6885586372808
3596,12.5811359253768
3597,12.4741950027742
3598,12.3677326998054
3599,12.2617458468033
3600,12.1562312741028
3601,12.0511858120371
3602,11.9466062909393
3603,11.8424895411434
3604,11.7388323929826
3605,11.6356316767905
3606,11.5328842229008
3607,11.4305868616471
3608,11.328736423363
3609,11.2273297383816
3610,11.126363637037
3611,10.65958599394
3612,11.6473419837981
3613,15.0503874238653
3614,18.4569274795355
3615,19.4816196106766
3616,19.0606902808279
3617,18.9986695420391
3618,18.9367113814397
3619,18.8748156186892
3620,18.8129820734472
3621,18.7512105653728
3622,18.6895009141253
3623,18.6278529393644
3624,17.8015341170695
3625,20.0099124128606
3626,27.3652885617744
3627,34.902465485113
3628,37.5238901275259
3629,37.0381593703242
3630,37.3242980181195
3631,37.6108289067281
3632,37.8977548539717
3633,38.1850786776718
3634,38.472803195651
3635,38.7609312257306
3636,39.049465585733
3637,39.3384090934801
3638,39.6277645667935
3639,39.9175348234953
3640,40.2077226814077
3641,40.4983309583522
3642,40.789362472151
3643,41.0808200406259
3644,41.372706481599
3645,41.6650246128924
3646,41.9577772523272
3647,42.2509672177261
3648,42.5445973269112
3649,42.8386703977035
3650,43.9942735826944
3651,41.7279983964209
3652,33.4977138035896
3653,25.0813298232336
3654,22.3936750713971
3655,23.2032239429787
3656,23.1446751899414
3657,23.0861805560236
3658,23.0277399238303
3659,22.9693531759671
3660,22.911020195038
3661,22.8527408636487
3662,22.7945150644041
3663,22.7363426799085
3664,22.6782235927675
3665,22.6201576855861
3666,22.5621448409687
3667,22.5041849415206
3668,22.4462778698463
3669,22.3884235085514
3670,22.3306217402406
3671,22.2728724475191
3672,22.2151755129912
3673,22.1575308192622
3674,22.0999382489371
3675,22.0423976846208
3676,21.9849090089182
3677,21.9274721044341
3678,21.8700868537738
3679,21.8127531395424
3680,23.6538835427569
3681,17.9475454760545
3682,-0.375122536640974
3683,-16.5546325706384
3684,-21.0833796453941
3685,-19.0461320494791
3686,-18.6316570096708
3687,-18.2129969829415
3688,-17.7902579183277
3689,-17.3635457648651
3690,-16.9329664715892
3691,-16.4986259875363
3692,-16.0606302617428
3693,-15.6190852432442
3694,-15.1740968810763
3695,-14.7257711242756
3696,-14.2742139218779
3697,-13.8195312229187
3698,-13.3618289764346
3699,-12.9012131314614
3700,-12.4377896370349
3701,-11.9716644421911
3702,-11.5029434959662
3703,-11.0317327473958
3704,-10.5581381455162
3705,-10.0822656393632
3706,-9.60422117797279
3707,-9.12411071038099
3708,-8.64204018562377
3709,-8.15811555273705
3710,-8.43769261378446
3711,-5.71553930323324
3712,1.21491952128281
3713,8.35785003239869
3714,10.761153896563
3715,10.1059865826142
3716,10.2039491374314
3717,10.3019409801404
3718,10.3999623890112
3719,10.4980136423133
3720,10.5960950183166
3721,10.694206795291
3722,10.792349251506
3723,10.8905226652314
3724,10.9887273147371
3725,11.0869634782927
3726,11.185231434168
3727,11.2835314606329
3728,11.3818638359571
3729,11.4802288384102
3730,11.578626746262
3731,11.6770578377823
3732,11.775522391241
3733,11.8740206849077
3734,11.9725529970521
3735,12.0711196059441
3736,12.1697207898534
3737,12.2683568270498
3738,12.367027995803
3739,12.4657345743827
3740,12.5644768410588
3741,12.6632550741009
3742,12.7620695517789
3743,12.8609205523625
3744,12.9598083541214
3745,13.0587332353255
3746,13.1576954742444
3747,13.256695349148
3748,13.3557331383059
3749,13.454809119988
3750,13.5539235724639
3751,13.6530767740036
3752,13.7522690028766
3753,13.8515005373528
3754,13.9507716557018
3755,14.0500826361937
3756,14.1494337570979
3757,14.2488252966843
3758,14.3482575332228
3759,14.4477307449828
3760,14.5472452102344
3761,14.6468012072472
3762,14.7463990142909
3763,14.8460389096354
3764,14.9457211715504
3765,15.0454460783056
3766,15.1452139081709
3767,15.2450249394159
3768,15.3448794503104
3769,15.4447777191242
3770,15.544720024127
3771,15.6447066435887
3772,15.7447378557789
3773,15.8448139389674
3774,15.9449351714239
3775,16.0451018314183
3776,16.1453141972203
3777,16.2455725470996
3778,16.3458771593259
3779,16.4462283121691
3780,16.546626283899
3781,16.6470713527851
3782,16.7475637970974
3783,16.8481038951057
3784,16.9486919250794
3785,17.0493281652886
3786,17.150012894003
3787,17.2507463894922
3788,17.3515289300261
3789,17.4523607938744
3790,17.5532422593069
3791,17.6541736045934
3792,17.7551551080035
3793,17.856187047807
3794,17.9572697022737
3795,18.0584033496735
3796,18.1595882682759
3797,18.2608247363508
3798,18.362113032168
3799,18.463453433997
3800,18.3618490151615
3801,19.0633298254887
3802,21.185557230212
3803,23.4108741945463
3804,24.3344500327277
3805,24.4099090232907
3806,24.6956163123655
3807,24.9816057017544
3808,25.2678803611238
3809,25.55444346014
3810,25.8412981684697
3811,26.1284476557793
3812,26.4158950917353
3813,26.703643646004
3814,26.9916964882517
3815,27.2800567881452
3816,27.5687277153508
3817,27.857712439535
3818,28.1470141303643
3819,28.4366359575049
3820,28.7265810906234
3821,29.0168526993863
3822,29.30745395346
3823,29.598388022511
3824,29.8896580762057
3825,30.1812672842106
3826,30.4732188161919
3827,30.7655158418164
3828,31.0581615307504
3829,31.3511590526604
3830,33.158101106592
3831,28.9548577980399
3832,14.1883259196401
3833,-0.581196251809163
3834,-4.61639823195891
3835,-3.23870496230743
3836,-3.19948399410654
3837,-3.15893866295626
3838,-3.1170948353199
3839,-3.07397837766172
3840,-3.02961515644571
3841,-2.98403103813529
3842,-3.39874329131105
3843,-1.98529387005951
3844,2.56262818139989
3845,7.19502913529587
3846,8.56936376899638
3847,8.00660137143189
3848,7.92370297585153
3849,7.8409953472333
3850,7.75847665127962
3851,7.67614505369293
3852,7.59399872017531
3853,7.5120358164291
3854,7.43025450815652
3855,7.34865296106006
3856,7.26722934084188
3857,7.18598181320413
3858,7.10490854384935
3859,7.02400769847958
3860,6.94327744279729
3861,6.86271594250464
3862,6.78232136330403
3863,6.70209187089783
3864,6.622025630988
3865,6.54212080927705
3866,6.4623755714673
3867,6.38278808326093
3868,6.30335651036026
3869,6.22407901846759
3870,6.14495377328522
3871,6.06597894051535
3872,5.74580858486711
3873,6.37787341922202
3874,8.5947141874096
3875,10.8376545839025
3876,11.5558273697683
3877,11.3205168712999
3878,11.3205168712999
3879,11.3205168712999
3880,11.3205168712999
3881,11.3205168712999
3882,11.3205168712999
3883,11.3205168712999
3884,11.3205168712999
3885,11.3205168712999
3886,12.1676346657861
3887,9.66551796680878
3888,1.42383392986033
3889,-5.84632100852403
3890,-7.63342258807798
3891,-6.59582699900136
3892,-6.25074203639567
3893,-5.90429255615568
3894,-5.55655579512869
3895,-5.20760899016187
3896,-5.33976747334054
3897,-3.58839449441528
3898,0.729795092650246
3899,5.08990944652405
3900,6.49633411870081
3901,6.04019376782362
3902,6.04019376782362
3903,6.04019376782359
3904,-22.5649288282429
3905,-25.2982318442711
3906,-0
3907,0
3908,20.3140094155523
3909,40.6355321145418
3910,41.5438812504512
3911,24.1962848855291
3912,27.2589974684775
3913,26.4580979461168
3914,16.9523862316658
3915,6.16971113179423
3916,2.72495862534242
3917,2.95303251334924
3918,5.18826239014536
3919,12.6148733571915
3920,20.6905790516807
3921,24.8066335069606
3922,23.6080511546657
3923,19.2996968263716
3924,14.4128265329599
3925,12.8566070524689
3926,13.4996217012585
3927,13.6014474306428
3928,13.7033136441215
3929,13.8052206393719
3930,13.9071687140708
3931,14.0091581658958
3932,14.1111892925238
3933,14.213262391632
3934,14.3153777608976
3935,14.4175356979978
3936,14.5197365006097
3937,14.6219804664105
3938,14.7242678930774
3939,14.8265990782874
3940,14.9289743197179
3941,15.0313939150458
3942,15.1338581619484
3943,14.6224358350806
3944,16.532184982594
3945,23.5778733157457
3946,28.1906861950572
3947,23.9612550178963
3948,13.1951306784694
3949,1.97173576521915
3950,-2.30728799784608
3951,2.6047332172755
3952,10.6619725505725
3953,12.9765209028229
3954,12.2162869846942
3955,12.2162869846942
3956,12.2162869846942
3957,12.2162869846942
3958,12.2162869846942
3959,12.2162869846942
3960,12.2162869846942
3961,12.2162869846942
3962,11.8361700256299
3963,12.956105462281
3964,16.7030717255799
3965,20.66335523806
3966,22.0098642419328
3967,22.6966808575402
3968,25.5158365320083
3969,28.5638849161107
3970,30.1159056954503
3971,31.8596958197368
3972,28.9813339783335
3973,16.9672753138513
3974,4.52538405874724
3975,0.674901172868434
3976,1.87616622808069
3977,1.83122176339793
3978,1.7868407069266
3979,1.7430123610425
3980,1.69972602812143
3981,1.18128178748135
3982,2.54129435416746
3983,6.92131544628861
3984,9.7649048849898
3985,16.3705397378512
3986,28.8755091213504
3987,39.052047700825
3988,34.4502450508654
3989,19.0896008805128
3990,8.27073054349795
3991,4.56882391384019
3992,5.59751150489311
3993,5.74562868755646
3994,6.39606496010374
3995,7.03976358988769
3996,7.18531154768726
3997,7.03288083533469
3998,6.95423211307144
3999,6.87571828557974
4000,6.79733791013474
4001,6.71908954401164
4002,6.64097174448562
4003,6.56298306883181
4004,6.48512207432536
4005,6.18503656957497
4006,6.76225061315054
4007,8.80481958893249
4008,10.8747610776448
4009,11.5377265621938
4010,12.0264483667051
4011,9.94228106789703
4012,2.37984055435101
4013,-2.06210809270398
4014,1.98852183558507
4015,8.71472896495273
4016,10.6345002347361
4017,9.99026765772309
4018,9.97887877099737
4019,9.96749072575942
4020,9.95610352107001
4021,9.94471715599007
4022,9.93333162958032
4023,9.92194694090172
4024,9.91056308901509
4025,9.89918007298124
4026,9.88779789186102
4027,9.8764165447152
4028,9.86503603060467
4029,9.85365634859035
4030,9.842277497733
4031,9.83089947709343
4032,9.81952228573257
4033,9.8081459227112
4034,9.79677038709009
4035,9.78539567793016
4036,9.77402179429238
4037,9.76264873523741
4038,9.75127649982613
4039,9.73990508711932
4040,9.72853449617791
4041,9.71716472606278
4042,9.70579577583467
4043,9.69442764455444
4044,9.68306033128293
4045,9.67169383508097
4046,9.66032815500951
4047,9.64896329012932
4048,9.63759923950114
4049,9.62623600218589
4050,9.61487357724446
4051,9.6035119637376
4052,9.59215116072616
4053,9.58079116727111
4054,9.56943198243318
4055,9.55807360527318
4056,9.54671603485195
4057,9.5353592702304
4058,9.52400331046933
4059,9.5126481546296
4060,9.50129380177209
4061,9.48994025095756
4062,9.47858750124681
4063,9.46723555170079
4064,9.45588440138029
4065,9.44453404934612
4066,9.43318449465926
4067,9.42183573638036
4068,9.41048777357036
4069,9.39914060529013
4070,9.38779423060038
4071,9.37644864856207
4072,9.36510385823603
4073,9.35375985868303
4074,9.34241664896397
4075,9.33107422813966
4076,9.31973259527094
4077,9.30839174941871
4078,9.29705168964375
4079,9.28571241500689
4080,9.27437392456898
4081,9.26303621739088
4082,9.25169929253341
4083,9.2403631490574
4084,9.22902778602369
4085,9.21769320249321
4086,9.20635939752674
4087,9.19502637018502
4088,9.18369411952901
4089,9.17236264461956
4090,9.16103194451738
4091,9.14970201828339
4092,9.13837286497854
4093,9.12704448366351
4094,9.11571687339916
4095,9.10439003324636
4096,9.093063962266
4097,9.0817386595189
4098,9.07041412406578
4099,9.05909035496759
4100,9.04776735128521
4101,9.03644511207939
4102,9.02512363641097
4103,9.01380292334084
4104,9.00248297192982
4105,8.99116378123876
4106,8.9798453503285
4107,8.9685276782598
4108,8.95721076409361
4109,8.94589460689075
4110,8.93457920571196
4111,8.92326455961823
4112,8.91195066767028
4113,8.90063752892904
4114,8.88932514245532
4115,8.87801350730986
4116,8.86670262255363
4117,8.85539248724746
4118,8.84408310045207
4119,8.83277446122842
4120,8.82146656863732
4121,8.81015942173959
4122,8.79885301959612
4123,8.78754736126763
4124,8.77624244581511
4125,8.76493827229931
4126,8.75363483978108
4127,8.7423321473213
4128,8.73103019398075
4129,8.71972897882028
4130,8.70842850090079
4131,8.69712875928306
4132,8.68582975302789
4133,8.67453148119625
4134,8.6632339428489
4135,8.65193713704666
4136,8.64064106285037
4137,8.62934571932095
4138,8.61805110551918
4139,8.60675722050589
4140,8.5954640633419
4141,8.58417163308811
4142,8.57287992880533
4143,8.56158894955443
4144,8.55029869439619
4145,8.53900916239147
4146,8.52772035260113
4147,8.51643226408603
4148,8.50514489590696
4149,8.49385824712471
4150,8.48257231680027
4151,8.47128710399442
4152,8.46000260776794
4153,8.44871882718169
4154,8.43743576129654
4155,8.42615340917334
4156,8.41487176987291
4157,8.403590842456
4158,8.3923106259836
4159,8.38103111951654
4160,8.36975232211553
4161,8.35847423284148
4162,8.07859052011385
4163,8.85340551701645
4164,11.499029680156
4165,14.340473210099
4166,15.5426393411458
4167,15.60597659026
4168,15.949938229258
4169,16.2941357149188
4170,16.6385740805555
4171,16.983258359481
4172,17.3281935850082
4173,17.6733847904499
4174,18.0188370091192
4175,18.3645552743289
4176,18.7105446193921
4177,19.0568100776215
4178,19.4033566823302
4179,19.7501894668312
4180,20.0973134644371
4181,20.4447337084611
4182,20.7924552322161
4183,21.140483069015
4184,21.4888222521705
4185,21.8374778149959
4186,22.186454790804
4187,22.5357582129078
4188,22.88539311462
4189,23.2353645292535
4190,23.5856774901215
4191,23.9363370305368
4192,24.6464682060902
4193,23.9354237456391
4194,20.6394360854444
4195,17.1657208049433
4196,16.070529615608
4197,16.4746319663193
4198,16.5080373058632
4199,16.5414501880391
4200,16.5748706275215
4201,16.6082986389848
4202,16.6417342371037
4203,16.6751774365522
4204,16.7086282520048
4205,16.742086698136
4206,16.7755527896199
4207,16.8090265411311
4208,16.8425079673439
4209,16.8759970829328
4210,16.9094939025722
4211,16.9429984409363
4212,16.9765107126995
4213,17.0100307325361
4214,17.0435585151208
4215,17.077094075128
4216,17.1106374272317
4217,17.1441885861064
4218,17.1777475664265
4219,17.2113143828667
4220,17.2448890501009
4221,17.2784715828037
4222,17.3769835588169
4223,17.2184353690082
4224,16.6135123182716
4225,15.9917847426904
4226,15.7936357769424
4227,15.8587986842105
4228,15.8587986842105
4229,15.8587986842105
4230,15.8587986842105
4231,15.8587986842105
4232,15.8587986842105
4233,15.8587986842105
4234,15.8587986842105
4235,15.8587986842105
4236,15.8587986842105
4237,15.8587986842105
4238,15.8587986842105
4239,15.8587986842105
4240,15.8587986842105
4241,15.8587986842105
4242,15.8587986842105
4243,15.8587986842105
4244,15.8587986842105
4245,15.8587986842105
4246,15.8587986842105
4247,15.8587986842105
4248,15.8587986842105
4249,15.8587986842105
4250,15.8587986842105
4251,15.8587986842105
4252,15.9239615914788
4253,15.7310917403432
4254,15.0935271702162
4255,14.4428586847933
4256,14.2174674846808
4257,14.2544299973587
4258,14.2264788270125
4259,14.1985355221347
4260,14.170600068051
4261,14.1426724500873
4262,14.1147526535691
4263,14.0868406638219
4264,14.0589364661714
4265,14.0310400459432
4266,14.0031513884629
4267,13.9752704790561
4268,13.9473973030487
4269,13.919531845766
4270,13.8916740925335
4271,13.8638240286772
4272,13.8359816395224
4273,13.8081469103948
4274,13.7803198266203
4275,13.7525003735243
4276,13.7246885364323
4277,13.69688430067
4278,13.6690876515631
4279,13.6412985744371
4280,13.6135170546177
4281,13.5857430774306
4282,13.496192538347
4283,13.6511448529817
4284,14.2254631568129
4285,14.8127791606691
4286,15.0000064015814
4287,14.9384636558281
4288,14.9384636558281
4289,14.9384636558281
4290,14.9384636558281
4291,14.9384636558281
4292,14.9384636558281
4293,14.9384636558281
4294,14.9384636558281
4295,14.9384636558281
4296,14.9384636558281
4297,14.9384636558281
4298,14.9384636558281
4299,14.9384636558281
4300,14.9384636558281
4301,14.9384636558281
4302,14.9384636558281
4303,14.9384636558281
4304,14.9384636558281
4305,14.9384636558281
4306,14.9384636558281
4307,14.9384636558281
4308,14.9384636558281
4309,14.9384636558281
4310,14.9384636558281
4311,14.9384636558281
4312,16.1693185708935
4313,12.5208845355329
4314,0.570282464558584
4315,-9.86968546655891
4316,-12.5266648363541
4317,-11.0317327473958
4318,-10.5581381455162
4319,-10.0822656393632
4320,-9.60422117797281
4321,-9.93001899962266
4322,-7.08340859772083
4323,0.256760703861378
4324,7.90895069600794
4325,10.3404680934267
4326,9.54403256014909
4327,9.54403256014909
4328,9.54403256014909
4329,9.54403256014909
4330,9.54403256014909
4331,9.54403256014909
4332,9.54403256014909
4333,9.54403256014909
4334,9.54403256014909
4335,9.54403256014909
4336,9.54403256014909
4337,9.54403256014909
4338,9.54403256014909
4339,9.54403256014909
4340,9.54403256014909
4341,9.54403256014909
4342,9.54403256014909
4343,9.54403256014909
4344,9.54403256014909
4345,9.54403256014909
4346,9.54403256014909
4347,9.54403256014909
4348,9.54403256014909
4349,9.54403256014909
4350,9.54403256014909
4351,9.54403256014909
4352,9.54403256014909
4353,9.54403256014909
4354,9.54403256014909
4355,9.54403256014909
4356,9.54403256014909
4357,9.54403256014909
4358,9.54403256014909
4359,9.54403256014909
4360,9.54403256014909
4361,9.54403256014909
4362,9.54403256014909
4363,9.54403256014909
4364,9.54403256014909
4365,9.54403256014909
4366,9.54403256014909
4367,9.54403256014909
4368,9.54403256014909
4369,9.54403256014909
4370,9.54403256014909
4371,9.54403256014909
4372,9.54403256014909
4373,9.54403256014909
4374,9.54403256014909
4375,9.54403256014909
4376,9.54403256014909
4377,9.54403256014909
4378,9.54403256014909
4379,9.54403256014909
4380,9.54403256014909
4381,9.54403256014909
4382,9.54403256014909
4383,9.54403256014909
4384,9.54403256014909
4385,9.54403256014909
4386,9.54403256014909
4387,9.54403256014909
4388,9.54403256014909
4389,9.54403256014909
4390,9.54403256014909
4391,9.54403256014909
4392,9.54403256014909
4393,9.54403256014909
4394,9.54403256014909
4395,9.54403256014909
4396,9.54403256014909
4397,9.54403256014909
4398,9.54403256014909
4399,9.54403256014909
4400,9.54403256014909
4401,9.54403256014909
4402,9.54403256014909
4403,9.54403256014909
4404,9.54403256014909
4405,9.54403256014909
4406,9.54403256014909
4407,9.54403256014909
4408,9.54403256014909
4409,9.54403256014909
4410,9.54403256014909
4411,9.54403256014909
4412,9.54403256014909
4413,9.54403256014909
4414,9.54403256014909
4415,9.54403256014909
4416,9.54403256014909
4417,9.54403256014909
4418,9.54403256014909
4419,9.54403256014909
4420,9.54403256014909
4421,9.54403256014909
4422,9.54403256014909
4423,9.54403256014909
4424,9.54403256014909
4425,9.54403256014909
4426,9.54403256014909
4427,9.54403256014909
4428,9.54403256014909
4429,9.54403256014909
4430,9.54403256014909
4431,9.54403256014909
4432,9.54403256014909
4433,9.54403256014909
4434,9.54403256014909
4435,9.54403256014909
4436,9.54403256014909
4437,9.54403256014909
4438,9.54403256014909
4439,9.54403256014909
4440,9.54403256014909
4441,9.9422503267879
4442,8.77077642144999
4443,4.87180757365178
4444,0.627810171970035
4445,0.599309359939692
4446,4.46513108007745
4447,5.74954558901434
4448,13.1373514233967
4449,37.7016497363366
4450,60.2787733668791
4451,45.0149168207079
4452,10.1459386615782
4453,-1.39881710142302
4454,5.98677830375502
4455,19.8181729610641
4456,34.9170837129454
4457,42.4556314376999
4458,41.0445747255707
4459,35.8241214809946
4460,29.6697374635119
4461,27.9574072414785
4462,29.2984376649249
4463,29.8860161662348
4464,30.4743577353938
4465,31.0634770467837
4466,31.6533887747859
4467,32.2441075937825
4468,32.8356481781551
4469,33.4280252022851
4470,34.0212533405547
4471,34.6153472673454
4472,35.2103216570386
4473,35.8061911840166
4474,36.4029705226608
4475,37.0006743473529
4476,37.5993173324746
4477,38.1989141524078
4478,38.7994794815339
4479,39.4010279942349
4480,40.0035743648925
4481,40.6071332678881
4482,41.2117193776038
4483,41.817347368421
4484,42.4240319147218
4485,43.0317876908874
4486,43.6406293712998
4487,48.7050941801015
4488,36.0412879339777
4489,-7.04281537108883
4490,-44.9951496718642
4491,-53.6660226401177
4492,-47.2843533715545
4493,-44.6075309254608
4494,-43.4256239453636
4495,-36.2698063537096
4496,-20.5557852056473
4497,-9.94377816534311
4498,-16.2925191012505
4499,-15.5901208402115
4500,8.09085363282955
4501,36.7625936782634
4502,48.3365766289613
4503,48.6167001146673
4504,48.0698083053392
4505,39.5936557228706
4506,29.9112575739677
4507,27.1712399016002
4508,27.9725924644009
4509,25.9863246343905
4510,23.8731064418002
4511,23.3005802935679
4512,23.7142435967638
4513,23.8839239896476
4514,24.0537419695345
4515,24.2236984755849
4516,24.3937944469588
4517,24.564030822817
4518,24.7344085423202
4519,24.9049285446281
4520,25.0755917689016
4521,25.2463991543012
4522,25.417351639987
4523,25.5884501651197
4524,25.7596956688597
4525,25.9310890903672
4526,26.1026313688029
4527,26.2743234433272
4528,26.4461662531003
4529,26.6181607372829
4530,26.7903078350354
4531,26.9626084855181
4532,27.1350636278915
4533,27.3076742013159
4534,27.4804411449516
4535,27.6533653979596
4536,27.8264478995001
4537,29.2341646653136
4538,25.7407765711205
4539,13.7182119351915
4540,1.65615253663129
4541,-1.83046970874154
4542,-0.748189769993967
4543,-0.756100388675623
4544,-0.762975805814238
4545,-0.768833648680425
4546,-0.773691544545126
4547,-0.777567120679201
4548,-0.780478004353434
4549,-0.782441822838836
4550,-0.783476203406189
4551,-0.783598773326355
4552,-0.782827159870261
4553,-0.781178990308625
4554,-0.778671891912317
4555,-0.775323491952386
4556,-0.771151417699503
4557,-0.766173296424526
4558,-0.760406755398438
4559,-0.753869421892098
4560,-0.746578923176245
4561,-0.73855288652169
4562,-0.729808939199592
4563,-0.720364708480565
4564,-0.710237821635472
4565,-0.699445905935224
4566,-0.688006588650732
4567,-0.977554119627767
4568,-0.0776406146351095
4569,2.96525515551834
4570,5.92325603705825
4571,6.79441493354045
4572,6.41477919808846
4573,6.34360793921128
4574,6.27250787401416
4575,3.60514364218653
4576,11.6723671737101
4577,35.7655895566384
4578,60.9765071623612
4579,77.4286542725649
4580,80.1750692857858
4581,54.6688512458325
4582,-1.86005323511906
4583,-17.812132836995
4584,10.8173439091716
4585,42.8874195093453
4586,36.1162795464768
4587,-11.356229847666
4588,-26.2175229571856
4589,-4.73724841400008
4590,11.7000496552232
4591,-4.03681839930342
4592,-10.2579280172894
4593,6.38505983904516
4594,18.8003089935139
4595,28.1107258485836
4596,-30.4462003072014
4597,-73.8090161657526
4598,-55.391135837784
4599,-36.9437923268415
4600,-18.4768066939164
4601,-0
